id,phase,owner,area,route,screen,feature,status,new,test,acceptance
"HC-SH-001","1","Platform engineer","App shell, settings, tour, assistant, palette, alerts","/analyse","Shared chrome · App header (analyse)","Logo (amber Δ mark + HapieCoin · Analyse) → /analyse","working","no","e2e (Playwright) · api contract · security","Rendered by CG.chrome['app-header'] variant 'analyse'; 50px panel-tone header with hairline bottom border; link to #/analyse"
"HC-SH-002","1","Platform engineer","App shell, settings, tour, assistant, palette, alerts","/analyse","Shared chrome · App header (analyse)","Admin badge next to logo (admin only, neutral mono chip) → /admin/users","working","no","e2e (Playwright) · api contract · security","Shown when CG.auth.isAdmin(); hidden for normal users"
"HC-SH-003","1","Platform engineer","App shell, settings, tour, assistant, palette, alerts","/analyse","Shared chrome · App header (analyse)","Asset switcher: BTC / ETH / XAUT segmented control (data-tour=asset-select) + 'Venue: Delta India'","working","no","unit (pricing) · e2e (Playwright)","Clicking a segment sets CG.state.asset, saves state, emits 'asset' and toasts; CG.chrome.openAssetMenu() dropdown kept for compatibility"
"HC-SH-004","1","Platform engineer","App shell, settings, tour, assistant, palette, alerts","/analyse","Shared chrome · App header (analyse)","Futures price + 24h % (DM Mono, tabular figures) with live flash on every tick","working","no","unit (pricing) · e2e (Playwright) · security","Label 'FUTURES · BTCUSD'; price flashes green/red vs previous tick; 24h % derived from base price"
"HC-SH-005","1","Platform engineer","App shell, settings, tour, assistant, palette, alerts","/analyse","Shared chrome · App header (analyse)","24h Change ± % (green/red) beside the price","working","no","e2e (Playwright)","Same cell as the price, semantic profit/loss colour"
"HC-SH-006","1","Platform engineer","App shell, settings, tour, assistant, palette, alerts","/analyse","Shared chrome · App header (analyse)","Feed status as text '● FEED LIVE · 84 ms' (latency jitters on each tick) — click pauses / reconnects","working","no","unit (pricing) · e2e (Playwright) · security","Replaces the green pill; dot turns grey when paused, amber while connecting; emits 'live-feed' and toasts"
"HC-SH-007","1","Platform engineer","App shell, settings, tour, assistant, palette, alerts","/analyse","Shared chrome · App header (analyse)","'Exchange' chip: Not connected / Connected (green when connected) → API Settings dialog","working","no","unit (pricing) · e2e (Playwright) · api contract","Opens the Delta Exchange API Settings dialog; turns green with 'Connected' when CG.state.exchangeConnected"
"HC-SH-008","1","Platform engineer","App shell, settings, tour, assistant, palette, alerts","/analyse","Shared chrome · App header (analyse)","Wallet balance chip ($1,000.00) when exchange connected","working","no","unit (pricing) · e2e (Playwright)","Opens balance popover: Available / Margin Used / Total Equity from CG.mock.wallet + 'Click to refresh' (refreshes numbers, toast)"
"HC-SH-009","5","Platform engineer","App shell, settings, tour, assistant, palette, alerts","/analyse","Shared chrome · App header (analyse)","Market Analytics moved out of the header into the settings menu, default-header tabs and the command palette","working","no","e2e (Playwright)","Settings → Market Analytics link, 'Market Analytics' tab on the default header, palette 'Market Analytics · …' commands"
"HC-SH-010","5","Platform engineer","App shell, settings, tour, assistant, palette, alerts","/analyse","Shared chrome · App header (analyse)","Currency toggle moved to the portfolio bar (CCY item) and settings menu / palette ('Display currency → INR')","working","no","e2e (Playwright)","CG.chrome.toggleCurrency() keeps the v1 behaviour (emits currency-settings-changed + currency, toasts)"
"HC-SH-011","1","Platform engineer","App shell, settings, tour, assistant, palette, alerts","/analyse","Shared chrome · App header (analyse)","Theme toggle (moon/sun) · 'Switch to Dark Mode' / 'Switch to Light Mode'","working","no","e2e (Playwright)","CG.theme.toggle(); header re-renders icon and title on 'theme' event"
"HC-SH-012","5","Platform engineer","App shell, settings, tour, assistant, palette, alerts","/analyse","Shared chrome · App header (analyse)","'Take a tour' moved to the settings menu and the command palette","working","no","e2e (Playwright)","CG.chrome.startTour() unchanged"
"HC-SH-013","1","Platform engineer","App shell, settings, tour, assistant, palette, alerts","/analyse","Shared chrome · App header (analyse)","Settings gear (data-tour=settings-menu)","working","no","e2e (Playwright)","Opens the settings dropdown menu"
"HC-SH-014","1","Platform engineer","App shell, settings, tour, assistant, palette, alerts","/analyse","Shared chrome · App header (analyse)","Plan banner auto-inserted under the analyse header","working","no","e2e (Playwright)","If the screen has no data-cg=plan-banner placeholder the header appends one"
"HC-SH-015","1","Platform engineer","App shell, settings, tour, assistant, palette, alerts","/subscription","Shared chrome · App header (default)","Logo → /analyse (or / when logged out)","working","no","e2e (Playwright)","CG.chrome['app-header'] default variant used by every non-analyse logged-in page"
"HC-SH-016","1","Platform engineer","App shell, settings, tour, assistant, palette, alerts","/subscription","Shared chrome · App header (default)","Text tabs Analyse · Market Analytics · Subscription · Referrals · Admin with an amber underline on the active route","working","no","unit (pricing) · e2e (Playwright) · api contract · security","Replaces the 'Go to Analyse' button; active tab from CG.current.path (Market Analytics also active on /terminal/*)"
"HC-SH-017","1","Platform engineer","App shell, settings, tour, assistant, palette, alerts","/subscription","Shared chrome · App header (default)","'Market Analytics' tab (active state on /analytics/* and /terminal/*)","working","no","unit (pricing) · e2e (Playwright)","Navigates to /analytics; highlighted when current path starts with /analytics"
"HC-SH-018","1","Platform engineer","App shell, settings, tour, assistant, palette, alerts","/subscription","Shared chrome · App header (default)","'Admin' nav link + badge (admin only) → /admin/users","working","no","e2e (Playwright) · api contract · security","Only rendered when CG.auth.isAdmin()"
"HC-SH-019","5","Platform engineer","App shell, settings, tour, assistant, palette, alerts","/subscription","Shared chrome · App header (default)","Alerts bell, density toggle, theme toggle, Ctrl K button, settings gear on the default header","working","no","e2e (Playwright) · api contract","Same controls as the analyse header"
"HC-SH-020","1","Platform engineer","App shell, settings, tour, assistant, palette, alerts","/subscription","Shared chrome · App header (default)","User avatar button → Account menu","working","no","e2e (Playwright) · api contract","Menu shows name/email, My Profile, My Subscription, My Referrals, Logout"
"HC-SH-021","1","Platform engineer","App shell, settings, tour, assistant, palette, alerts","/subscription","Shared chrome · App header (default)","'Sign In' button when logged out","working","no","e2e (Playwright)","Header re-renders on 'auth'; Sign In navigates to /auth"
"HC-SH-022","1","Platform engineer","App shell, settings, tour, assistant, palette, alerts","/analyse","Shared chrome · Settings menu","Section 'Account': My Profile / My Subscription / My Referrals","working","no","e2e (Playwright) · api contract","My Profile opens the Profile dialog; the others navigate to /subscription and /referrals"
"HC-SH-023","5","Platform engineer","App shell, settings, tour, assistant, palette, alerts","/analyse","Shared chrome · Settings menu","Section 'Preferences': API Settings, Currency Settings (value), Lot Size Settings, P&L Settings (value), Exchange Setup, Alerts (armed count), Keyboard shortcuts (?), Density (value), Command palette (Ctrl K), Market Analytics, Take a tour, theme","working","no","unit (pricing) · e2e (Playwright) · api contract","Each opens the matching dialog / starts the tour / toggles theme"
"HC-SH-024","4","Platform engineer","App shell, settings, tour, assistant, palette, alerts","/analyse","Shared chrome · Settings menu","Section 'Admin' (admin only): Subscription Plans, Menu Pricing, Coupon Codes, User Subscriptions, Banners, Promotional Emails, Users","working","no","e2e (Playwright) · api contract · security","Links to /admin/subscriptions, /admin/menu-pricing, /admin/coupons, /admin/user-subscriptions, /admin/banners, /admin/emails, /admin/users"
"HC-SH-025","4","Platform engineer","App shell, settings, tour, assistant, palette, alerts","/analyse","Shared chrome · Settings menu","Section 'Support': Email Us (mailto:support@hapiecoin.com), WhatsApp Us (wa.me/919684022369, new tab)","working","no","e2e (Playwright) · api contract","External links with rel=noopener"
"HC-SH-026","1","Platform engineer","App shell, settings, tour, assistant, palette, alerts","/analyse","Shared chrome · Settings menu","Logout → Confirm Logout dialog","working","no","e2e (Playwright)","'Are you sure you want to sign out? You'll need to sign in again to access your account.' → CG.auth.logout() + toast 'Logged out · You have been signed out.'"
"HC-SH-027","1","Platform engineer","App shell, settings, tour, assistant, palette, alerts","/analyse","Shared chrome · Profile dialog","Profile · Your account details","working","no","e2e (Playwright)","CG.chrome.openSettings('profile')"
"HC-SH-028","1","Platform engineer","App shell, settings, tour, assistant, palette, alerts","/analyse","Shared chrome · Profile dialog","Avatar picker (rocket / diamond / lightning) · 'Tap to change avatar' · 'Choose your avatar' · Change","working","no","e2e (Playwright)","Tapping the avatar or Change reveals the picker; picking updates CG.mock.user.avatar, header avatar and toasts 'Avatar updated'"
"HC-SH-029","1","Platform engineer","App shell, settings, tour, assistant, palette, alerts","/analyse","Shared chrome · Profile dialog","Fields: Full Name ('Your name'), Mobile ('Mobile number'), Email (read-only), Referral code (+copy), Joined","working","no","e2e (Playwright) · api contract","Read-only until Edit Profile; copy button toasts 'Copied'"
"HC-SH-030","1","Platform engineer","App shell, settings, tour, assistant, palette, alerts","/analyse","Shared chrome · Profile dialog","Edit Profile → Save ('Saving...')","working","no","e2e (Playwright)","Validates name, 600ms 'Saving...' then updates CG.mock.user, emits 'profile-updated', toast 'Profile updated'"
"HC-SH-031","1","Platform engineer","App shell, settings, tour, assistant, palette, alerts","/analyse","Shared chrome · API Settings dialog","Delta Exchange API Settings · status block","working","no","unit (pricing) · e2e (Playwright) · api contract · security","'Checking connection...' spinner (700ms) then 'Not Connected · Enter your Delta Exchange API credentials to enable live trading.' or connected block with 'API Key: ••••1a2b', 'Connected: <date>', 'Wallet: $1,000.00'"
"HC-SH-032","1","Platform engineer","App shell, settings, tour, assistant, palette, alerts","/analyse","Shared chrome · API Settings dialog","Select Exchange (brokers with '(0.05% fee)') + 'Fee: 0.05% · GST: 18% · Cap: 10%'","working","no","unit (pricing) · e2e (Playwright) · api contract · security","Select lists CG.mock.brokers; fee line updates on change; selection stored in CG.mock.apiCredentials.brokerId"
"HC-SH-033","1","Platform engineer","App shell, settings, tour, assistant, palette, alerts","/analyse","Shared chrome · API Settings dialog","API Credentials: API Key + API Secret (password) inputs","working","no","unit (pricing) · e2e (Playwright) · api contract · security","Placeholders 'Enter your Delta Exchange API key' / 'Enter your Delta Exchange API secret'"
"HC-SH-034","1","Platform engineer","App shell, settings, tour, assistant, palette, alerts","/analyse","Shared chrome · API Settings dialog","Connect & Save (validation → 'Connecting...' 1s → connected)","working","no","unit (pricing) · e2e (Playwright) · api contract · security","Empty key/secret → destructive toast 'Save Failed'; success sets CG.state.exchangeConnected, emits 'exchange-changed' + 'broker-credentials-changed', toast 'Exchange Connected · API credentials saved to server'"
"HC-SH-035","1","Platform engineer","App shell, settings, tour, assistant, palette, alerts","/analyse","Shared chrome · API Settings dialog","'Get your API key from Delta Exchange → Account → API Keys' link (new tab)","working","no","unit (pricing) · e2e (Playwright) · api contract · security","External link with rel=noopener noreferrer"
"HC-SH-036","1","Platform engineer","App shell, settings, tour, assistant, palette, alerts","/analyse","Shared chrome · API Settings dialog","Whitelisted IP Address 172.236.179.136 + Copy + hint","working","no","unit (pricing) · e2e (Playwright) · api contract · security","Copy writes to clipboard and toasts 'Copied · IP address copied to clipboard'; hint 'Add this IP to your Delta Exchange API key whitelist for secure access.'"
"HC-SH-037","1","Platform engineer","App shell, settings, tour, assistant, palette, alerts","/analyse","Shared chrome · API Settings dialog","Disconnect Exchange (only when connected)","working","no","unit (pricing) · e2e (Playwright) · api contract · security","Clears credentials, CG.state.exchangeConnected=false, toast 'Exchange Disconnected · Delta Exchange credentials removed'"
"HC-SH-038","1","Platform engineer","App shell, settings, tour, assistant, palette, alerts","/analyse","Shared chrome · Currency Settings dialog","From Currency (USD) → To Currency (INR) + 'USD to INR Conversion Rate' input","working","no","e2e (Playwright)","Rate defaults to CG.state.conversionRate (83.5)"
"HC-SH-039","1","Platform engineer","App shell, settings, tour, assistant, palette, alerts","/analyse","Shared chrome · Currency Settings dialog","Display currency tabs ($ USD / ₹ INR) + note 'All calculated values (P&L, Margin, Net Premium) will be displayed in … · Rate: $1 = ₹83.5'","working","no","unit (pricing) · e2e (Playwright) · security","Note updates live as rate / currency change"
"HC-SH-040","1","Platform engineer","App shell, settings, tour, assistant, palette, alerts","/analyse","Shared chrome · Currency Settings dialog","Save ('Saving...') / Cancel","working","no","e2e (Playwright)","Validates rate > 0; sets CG.state.conversionRate + currency, emits 'currency-settings-changed', toast 'Currency conversion saved'"
"HC-SH-041","1","Platform engineer","App shell, settings, tour, assistant, palette, alerts","/analyse","Shared chrome · Lot Size Settings dialog","Lot size for each symbol: BTC / ETH / XAUT rows '1 lot = [0.001] BTC'","working","no","e2e (Playwright)","Inputs pre-filled from CG.state.lotSizes"
"HC-SH-042","1","Platform engineer","App shell, settings, tour, assistant, palette, alerts","/analyse","Shared chrome · Lot Size Settings dialog","Save → 'Lot sizes saved'","working","no","e2e (Playwright)","Validates > 0 (else 'Failed to save lot sizes'), stores CG.state.lotSizes, emits 'lot-sizes-changed'"
"HC-SH-043","1","Platform engineer","App shell, settings, tour, assistant, palette, alerts","/analyse","Shared chrome · P&L Settings dialog","Radio group 'P&L price basis': Mark price / Bid/Ask (executable) with descriptions","working","no","unit (pricing) · e2e (Playwright)","aria radiogroup; click selects; Save stores CG.state.pnlBasis ('mark' | 'bid_ask') and emits 'pnl-basis-changed'"
"HC-SH-044","1","Platform engineer","App shell, settings, tour, assistant, palette, alerts","/analyse","Shared chrome · P&L Settings dialog","Explanatory note about mark vs bid/ask differences","static","no","visual (screenshot diff) · api contract","Static info alert with the bundle text ('…so the two figures will differ — usually by the bid/ask spread, and more on illiquid strikes.')"
"HC-SH-045","1","Platform engineer","App shell, settings, tour, assistant, palette, alerts","/analyse","Shared chrome · Exchange Management dialog","Exchange Management · Manage exchange configurations for paper trading · list of exchange cards (name, Preferred/GLOBAL badges, Fee %, GST %, Fee Cap %)","working","no","unit (pricing) · e2e (Playwright)","Rendered from CG.mock.brokers"
"HC-SH-046","1","Platform engineer","App shell, settings, tour, assistant, palette, alerts","/analyse","Shared chrome · Exchange Management dialog","Add Exchange → 'Add New Exchange · Configure exchange fee structure' form","working","no","unit (pricing) · e2e (Playwright)","Fields Exchange Name ('e.g., Delta Exchange India'), Fee Percentage (%) 'Percentage of notional value', GST Percentage (%), Fee Cap (% of premium) 'Maximum fee as percentage of premium'; Create pushes to CG.mock.brokers, toast 'Success · Exchange created successfully'"
"HC-SH-047","1","Platform engineer","App shell, settings, tour, assistant, palette, alerts","/analyse","Shared chrome · Exchange Management dialog","Validation 'Exchange name is required'","working","no","unit (pricing) · e2e (Playwright)","Inline error + destructive toast 'Validation Error'"
"HC-SH-048","1","Platform engineer","App shell, settings, tour, assistant, palette, alerts","/analyse","Shared chrome · Exchange Management dialog","Edit → 'Edit Exchange' form → Update","working","no","e2e (Playwright)","Mutates the broker in CG.mock.brokers, toast 'Exchange updated successfully', emits 'brokers-changed'"
"HC-SH-049","1","Platform engineer","App shell, settings, tour, assistant, palette, alerts","/analyse","Shared chrome · Exchange Management dialog","Delete → confirm 'Delete Exchange · This action cannot be undone' + warning","working","no","e2e (Playwright)","Body 'Are you sure you want to delete this exchange?' + '⚠️ Warning: Any strategies using this exchange will need to be reconfigured.'; confirm removes from CG.mock.brokers, toast 'Exchange deleted successfully'"
"HC-SH-050","4","Platform engineer","App shell, settings, tour, assistant, palette, alerts","/analyse","Shared chrome · Plan banner","Expired: 'Your plan has expired.' + Renew Plan","working","no","e2e (Playwright)","CG.chrome['plan-banner'] reads CG.mock.subscription; button → /subscription"
"HC-SH-051","4","Platform engineer","App shell, settings, tour, assistant, palette, alerts","/analyse","Shared chrome · Plan banner","Free: 'Your free plan is active.' + Upgrade","working","no","unit (pricing) · e2e (Playwright)","Shown when planId is p_free / status free"
"HC-SH-052","4","Platform engineer","App shell, settings, tour, assistant, palette, alerts","/analyse","Shared chrome · Plan banner","Expiring: 'Your plan expires soon — N days left.' + Renew Plan","working","no","e2e (Playwright)","Shown when expiresAt is within 7 days of CG.NOW"
"HC-SH-053","4","Platform engineer","App shell, settings, tour, assistant, palette, alerts","/analyse","Shared chrome · Plan banner","Active: 'Congratulations! Your plan is active until 31 Dec 2026' (dismissable)","working","no","unit (pricing) · e2e (Playwright)","Dismiss hides it for the session (sessionStorage); re-renders on 'subscription-changed'"
"HC-SH-054","4","Platform engineer","App shell, settings, tour, assistant, palette, alerts","/analyse","Shared chrome · Upgrade Required dialog","CG.chrome.upgradeRequired(message): 'Upgrade Required' + message + 'Subscribe Here →' + Dismiss","working","no","e2e (Playwright)","Subscribe navigates to /subscription and closes; Dismiss closes"
"HC-SH-055","4","Platform engineer","App shell, settings, tour, assistant, palette, alerts","/analyse","Shared chrome · Banner flyers","Flyer popup carousel of active CG.mock.banners (dark panel with amber accent stripe, ANNOUNCEMENT n of N, title, description, date range)","working","no","unit (pricing) · e2e (Playwright)","CG.chrome.showFlyers(); gradients removed"
"HC-SH-056","4","Platform engineer","App shell, settings, tour, assistant, palette, alerts","/analyse","Shared chrome · Banner flyers","Previous / Next arrows + dots in the footer row, frequency label, 'View' link, close","working","no","e2e (Playwright) · api contract","Arrows cycle; View opens the banner link (hapiecoin.com links become hash routes, others open in a new tab)"
"HC-SH-057","5","Platform engineer","App shell, settings, tour, assistant, palette, alerts","/analyse","Shared chrome · HapieCoin Assistant","Floating 40px chat bubble bottom-right on every screen, docked above the portfolio bar on /analyse (bottom 56px)","working","no","e2e (Playwright)","CSS var --cgc-dock set on route; data-tour=chat-launcher"
"HC-SH-058","4","Platform engineer","App shell, settings, tour, assistant, palette, alerts","/analyse","Shared chrome · HapieCoin Assistant","Drag to move (pointer events) with remembered position","working","no","e2e (Playwright)","Drag > 5px moves the button (clamped to viewport) and stores position in localStorage; a plain click toggles the panel"
"HC-SH-059","5","Platform engineer","App shell, settings, tour, assistant, palette, alerts","/analyse","Shared chrome · HapieCoin Assistant","Panel header 'HapieCoin Assistant · Platform help · not financial advice' (or visitor mode) with an 'Explain this strategy' quick-action button on /analyse","working","no","e2e (Playwright) · api contract","Subtitle depends on CG.state.loggedIn"
"HC-SH-060","4","Platform engineer","App shell, settings, tour, assistant, palette, alerts","/analyse","Shared chrome · HapieCoin Assistant","Greeting 'Hi! Ask me anything about using HapieCoin — or try one of these:' + 4 suggestion chips","working","no","e2e (Playwright) · api contract","Chips send the question immediately"
"HC-SH-061","4","Platform engineer","App shell, settings, tour, assistant, palette, alerts","/analyse","Shared chrome · HapieCoin Assistant","Input 'Ask a question…' + Send; mock streamed answers","working","no","unit (pricing) · e2e (Playwright)","Keyword matching over 11 canned answers (legs/chain, POP, connect Delta, mark vs bid/ask, paper trades, templates, Greeks, margin, lot size, plans, currency) typed out over ~1.5s; fallback answer otherwise; visitor note when logged out"
"HC-SH-062","4","Platform engineer","App shell, settings, tour, assistant, palette, alerts","/analyse","Shared chrome · HapieCoin Assistant","Footer 'Need a human? Email' (mailto:support@hapiecoin.com, new tab)","working","no","e2e (Playwright) · api contract","External mailto link with rel=noreferrer"
"HC-SH-063","4","Platform engineer","App shell, settings, tour, assistant, palette, alerts","/analyse","Shared chrome · HapieCoin Assistant","Close button / Escape closes the panel","working","no","e2e (Playwright)","Panel removed; conversation kept for the session"
"HC-SH-064","4","Platform engineer","App shell, settings, tour, assistant, palette, alerts","/analyse","Shared chrome · Product tour","driver.js-style overlay with cut-out around the target (SVG mask) + highlight ring + popover (title, description, 'x of N', Previous / Next / Done, close)","working","no","unit (pricing) · e2e (Playwright)","CG.chrome.startTour(); targets located by [data-tour=…]; popover centred when the target is not in the DOM; keyboard ← → Esc"
"HC-SH-065","4","Platform engineer","App shell, settings, tour, assistant, palette, alerts","/analyse","Shared chrome · Product tour","Step 1 'Welcome to HapieCoin' (Start button, no target)","working","no","e2e (Playwright) · api contract","Text from the bundle"
"HC-SH-066","4","Platform engineer","App shell, settings, tour, assistant, palette, alerts","/analyse","Shared chrome · Product tour","Step 2 'Choose your asset' (asset-select)","working","no","e2e (Playwright)","Highlights the asset selector"
"HC-SH-067","4","Platform engineer","App shell, settings, tour, assistant, palette, alerts","/analyse","Shared chrome · Product tour","Step 3 'Your workspaces' (options-chain)","working","no","e2e (Playwright)","Highlights the workspace / chain area; emits tour-step with tab 'options-chain'"
"HC-SH-068","4","Platform engineer","App shell, settings, tour, assistant, palette, alerts","/analyse","Shared chrome · Product tour","Step 4 'Add a leg — try it now' (advances on 'cg-tour:leg-added')","working","no","e2e (Playwright)","Waits for the analyse screen to emit CG.emit('cg-tour:leg-added'); Next also works"
"HC-SH-069","4","Platform engineer","App shell, settings, tour, assistant, palette, alerts","/analyse","Shared chrome · Product tour","Step 5 'Your strategy legs' (strategy-legs, tab builder)","working","no","e2e (Playwright)","Highlights the legs panel"
"HC-SH-070","4","Platform engineer","App shell, settings, tour, assistant, palette, alerts","/analyse","Shared chrome · Product tour","Step 6 'Payoff and analytics' (payoff-panel)","working","no","unit (pricing) · e2e (Playwright)","Highlights the payoff panel"
"HC-SH-071","4","Platform engineer","App shell, settings, tour, assistant, palette, alerts","/analyse","Shared chrome · Product tour","Step 7 'Start a paper trade' (paper-trade-button, advances on 'cg-tour:save-dialog-open')","working","no","e2e (Playwright)","Highlights the Paper Trade button"
"HC-SH-072","4","Platform engineer","App shell, settings, tour, assistant, palette, alerts","/analyse","Shared chrome · Product tour","Step 8 'Name your strategy' (save-dialog, advances on 'cg-tour:trade-modal-open')","working","no","unit (pricing) · e2e (Playwright)","Popover above the modal (z-index 150)"
"HC-SH-073","4","Platform engineer","App shell, settings, tour, assistant, palette, alerts","/analyse","Shared chrome · Product tour","Step 9 'Review and start' (trade-modal, advances on 'cg-tour:paper-started')","working","no","e2e (Playwright)","Highlights the trade preview modal"
"HC-SH-074","4","Platform engineer","App shell, settings, tour, assistant, palette, alerts","/analyse","Shared chrome · Product tour","Steps 10–12 'Your trade is running' (paper-tab), 'Track P&L and details' (paper-pnl), 'Stop a paper trade' (paper-stop)","confirmed","no","unit (pricing) · e2e (Playwright)","Tour step 12 text: 'Stop a paper trade — Use Stop when you are done. Choose whether to archive it so the result stays in your journal.' Steps 10–12 switch the left tab to Paper automatically."
"HC-SH-075","5","Platform engineer","App shell, settings, tour, assistant, palette, alerts","/analyse","Shared chrome · Product tour","Steps 13–15 'Settings' (settings-menu), 'Ask the HapieCoin Assistant' (chat-launcher) and 'Command palette' (command-palette)","working","no","e2e (Playwright) · api contract","Highlights the gear and the floating chat button; Done closes with a toast"
"HC-SH-076","4","Platform engineer","App shell, settings, tour, assistant, palette, alerts","/analyse","Shared chrome · Product tour","Auto-start once on /analyse (CG.state.tourDone) after the flyer popup closes; 'Take a tour' restarts; navigates to /analyse first if started elsewhere","working","no","unit (pricing) · e2e (Playwright)","cg_tour_done equivalent persisted in CG.state via CG.saveState()"
"HC-SH-077","5","Platform engineer","App shell, settings, tour, assistant, palette, alerts","/analyse","Shared chrome · App header (analyse)","ATM IV + 'IV rank N' (mono)","working","yes","unit (pricing) · e2e (Playwright)","From CG.analyse.stats {atmIv, ivRank} when the analyse part emits 'analyse:stats'; otherwise computed from the ATM row of CG.chain(asset, expiry) and a per-asset IV range (CG.mock.ivRange). Exposed as CG.chrome.marketStats(asset)"
"HC-SH-078","5","Platform engineer","App shell, settings, tour, assistant, palette, alerts","/analyse","Shared chrome · App header (analyse)","'EXP. MOVE · 25 SEP  ± 7,693 1σ' expected move for the selected expiry","working","yes","unit (pricing) · e2e (Playwright)","spot × ATM IV × √(dte/365); re-rendered on tick, 'asset', 'expiry', 'analyse:expiry' and 'analyse:stats'"
"HC-SH-079","5","Platform engineer","App shell, settings, tour, assistant, palette, alerts","/analyse","Shared chrome · App header (analyse)","Alerts bell with armed-count badge (red when an alert has triggered) → Alerts dialog","working","yes","e2e (Playwright) · api contract","Badge re-rendered on 'alerts-changed' / 'alert-triggered'"
"HC-SH-080","5","Platform engineer","App shell, settings, tour, assistant, palette, alerts","/analyse","Shared chrome · App header (analyse)","Density toggle (comfortable / compact)","working","yes","e2e (Playwright)","Sets CG.state.density, CG.saveState(), CG.emit('density', value) and html[data-density]; --cg-row = 36px / 28px; keyboard D"
"HC-SH-081","5","Platform engineer","App shell, settings, tour, assistant, palette, alerts","/analyse","Shared chrome · App header (analyse)","'Ctrl K · Command' button opens the command palette (data-tour=command-palette)","working","yes","e2e (Playwright)","Behaves as in the v2 mock."
"HC-SH-082","5","Platform engineer","App shell, settings, tour, assistant, palette, alerts","/analyse","Shared chrome · App header (analyse)","User avatar → Account menu (My Profile / My Subscription / My Referrals / Logout) on both header variants","working","yes","e2e (Playwright) · api contract","Behaves as in the v2 mock."
"HC-SH-083","5","Platform engineer","App shell, settings, tour, assistant, palette, alerts","/analyse","Shared chrome · App header (analyse)","Responsive trimming: venue and Command label hide ≤1500px, expected move ≤1330px, ATM IV ≤1180px, sub-labels ≤1000px","working","yes","unit (pricing) · e2e (Playwright)","CSS media queries; header never overflows at 1440 / 1280 / 1100 / 960 (pw/check-v2-widths.js)"
"HC-SH-084","5","Platform engineer","App shell, settings, tour, assistant, palette, alerts","/subscription","Shared chrome · App header (default)","Logged-out variant: Home · Market Analytics tabs, theme, Ctrl K, 'Sign in' primary button","working","yes","e2e (Playwright)","Behaves as in the v2 mock."
"HC-SH-085","5","Platform engineer","App shell, settings, tour, assistant, palette, alerts","/analyse","Shared chrome · Command palette","Open with Ctrl K / ⌘ K anywhere (even inside inputs), the header button, Settings → Command palette or CG.palette.open()","working","yes","e2e (Playwright)","CG.palette.open(query?) / close() / toggle() / isOpen(); overlay closes on Esc or backdrop click"
"HC-SH-086","5","Platform engineer","App shell, settings, tour, assistant, palette, alerts","/analyse","Shared chrome · Command palette","Search input with fuzzy matching on label + keywords + hint (substring first, then subsequence with word-start bonus); matched characters underlined","working","yes","e2e (Playwright)","Best hit surfaced first as “Best match”"
"HC-SH-087","5","Platform engineer","App shell, settings, tour, assistant, palette, alerts","/analyse","Shared chrome · Command palette","Grouped results: Recent · Navigate · Actions · Settings (custom groups appended)","working","yes","e2e (Playwright)","Recent shows the last 5 used commands (CG.state.recentCommands, persisted via CG.saveState)"
"HC-SH-088","5","Platform engineer","App shell, settings, tour, assistant, palette, alerts","/analyse","Shared chrome · Command palette","Keyboard: ↑ ↓ / Tab move, ↵ runs, Esc closes; mouse hover selects, click runs","working","yes","e2e (Playwright)","Footer shows the key hints and the number of registered commands"
"HC-SH-089","5","Platform engineer","App shell, settings, tour, assistant, palette, alerts","/analyse","Shared chrome · Command palette","Registry API for other parts: CG.palette.register({id,label,group,keywords,hint,kbd,icon,when,run}) → unregister fn; CG.palette.unregister(id); CG.palette.list(); CG.palette.run(id)","working","yes","e2e (Playwright) · api contract","Emits 'palette:open', 'palette:close', 'palette:run' {id,label}"
"HC-SH-090","5","Platform engineer","App shell, settings, tour, assistant, palette, alerts","/analyse","Shared chrome · Command palette","Default Navigate commands: Home, Sign in, Analyse workspace, My Subscription, My Referrals, all Admin pages, all Market Analytics sections, all Terminal pages, Feature inventory, Payoff chart preview, legal pages","working","yes","unit (pricing) · e2e (Playwright) · api contract · security","User routes only when logged in, admin routes only for admins; every other static screen is auto-discovered from section[data-route][data-title] on open"
"HC-SH-091","5","Platform engineer","App shell, settings, tour, assistant, palette, alerts","/analyse","Shared chrome · Command palette","Default Actions: Switch asset → BTC / ETH / XAUT, Toggle theme (T), Toggle density (D), New alert…, Alerts center, Take a tour, Keyboard shortcuts (?), Explain this strategy (on /analyse), Ask the assistant, Show announcements, Pause / resume live feed, Logout","working","yes","unit (pricing) · e2e (Playwright) · api contract · security","Behaves as in the v2 mock."
"HC-SH-092","5","Platform engineer","App shell, settings, tour, assistant, palette, alerts","/analyse","Shared chrome · Command palette","Default Settings: Open API Settings / Currency Settings / Lot Size Settings / P&L Settings / Exchange Setup / Profile, Display currency → INR/USD","working","yes","unit (pricing) · e2e (Playwright) · api contract","Behaves as in the v2 mock."
"HC-SH-093","5","Platform engineer","App shell, settings, tour, assistant, palette, alerts","/analyse","Shared chrome · Command palette","Empty state “No commands match …” with hints","working","yes","e2e (Playwright)","Behaves as in the v2 mock."
"HC-SH-094","5","Platform engineer","App shell, settings, tour, assistant, palette, alerts","/analyse","Shared chrome · Alerts center","Alert store CG.mock.alerts seeded with 3 alerts: BTC ≥ 82,000 (push), BTC IV rank ≤ 30 (telegram), s_301 “BTC Bull Call Spread · Sep” P&L ≥ +$20 (email)","working","yes","unit (pricing) · e2e (Playwright) · api contract","Fields: id, kind price|ivrank|pnl, asset|strategyId, op >=|<=, value, channels[], state armed|triggered|paused, lastValue, triggeredAt"
"HC-SH-095","5","Platform engineer","App shell, settings, tour, assistant, palette, alerts","/analyse","Shared chrome · Alerts center","API: CG.alerts.add(a), update(id, patch), remove(id), list(), get(id), arm(id, bool), counts(), conditionText(a), currentValue(a), evaluate(subset?), open(prefill?), openNew(prefill), close()","working","yes","e2e (Playwright) · api contract","Every mutation emits 'alerts-changed'"
"HC-SH-096","5","Platform engineer","App shell, settings, tour, assistant, palette, alerts","/analyse","Shared chrome · Alerts center","Evaluation on every 'tick' (and 'portfolio-changed'): price vs CG.ASSETS[sym].price, IV rank vs CG.analyse.stats.ivRank (fallback CG.chrome.marketStats), strategy P&L via CG.portfolio.strategyPnl(id) if present else CG.mock.strategies totalPnl","working","yes","unit (pricing) · e2e (Playwright) · api contract","When met: state='triggered', toast “Alert triggered · BTC crossed 82,000 · Sent via push”, CG.emit('alert-triggered', alert)"
"HC-SH-097","5","Platform engineer","App shell, settings, tour, assistant, palette, alerts","/analyse","Shared chrome · Alerts center","Alerts dialog (bell, portfolio bar, settings menu, palette): counts line, rows with kind icon, condition text (mono), current value, channel chips push/email/telegram, state badge armed/triggered/paused, arm switch, delete","working","yes","e2e (Playwright) · api contract","Delete confirms via CG.modal.confirm; the switch re-arms triggered alerts or pauses armed ones"
"HC-SH-098","5","Platform engineer","App shell, settings, tour, assistant, palette, alerts","/analyse","Shared chrome · Alerts center","New alert form: Type (Price / IV rank / Strategy P&L), Asset or Strategy select, Condition ≥ / ≤, Value (unit hint), Channels checkboxes, Save / Cancel with validation toasts","working","yes","unit (pricing) · e2e (Playwright) · api contract","Saving arms the alert immediately and evaluates it once"
"HC-SH-099","5","Platform engineer","App shell, settings, tour, assistant, palette, alerts","/analyse","Shared chrome · Alerts center","Empty state “No alerts yet” with a New alert button","working","yes","e2e (Playwright) · api contract","Behaves as in the v2 mock."
"HC-SH-100","5","Platform engineer","App shell, settings, tour, assistant, palette, alerts","/analyse","Shared chrome · Alerts center","CG.alerts.openNew(prefill) for other parts (e.g. a “Set alert” button on a strategy)","working","yes","e2e (Playwright) · api contract","prefill: {kind, asset, strategyId, op, value, channels}"
"HC-SH-101","5","Platform engineer","App shell, settings, tour, assistant, palette, alerts","/analyse","Shared chrome · Keyboard shortcuts","Global keydown dispatcher (ignores typing in inputs / textareas / selects / contenteditable and open dialogs, except Ctrl K and Esc)","working","yes","e2e (Playwright)","CG.shortcuts.combo(e) normalises to e.g. 'ctrl+k', 'shift+e', '?'; CG.emit('shortcut', {key, event}) before the handler"
"HC-SH-102","5","Platform engineer","App shell, settings, tour, assistant, palette, alerts","/analyse","Shared chrome · Keyboard shortcuts","Help dialog on “?” (also Settings → Keyboard shortcuts, palette): table of kbd + description grouped Global / Analyse workspace / other","working","yes","e2e (Playwright)","Rows without a handler are marked “handled by the workspace”"
"HC-SH-103","5","Platform engineer","App shell, settings, tour, assistant, palette, alerts","/analyse","Shared chrome · Keyboard shortcuts","Default rows: Ctrl K palette, ? help, T theme, D density, Esc close (menus, palette, assistant), j / k strike cursor, B / S add leg, E next expiry, Shift E previous expiry","working","yes","e2e (Playwright)","E / Shift E fall back to CG.analyse.setExpiry(), then the expiry strip buttons, then CG.state.expiry + events"
"HC-SH-104","5","Platform engineer","App shell, settings, tour, assistant, palette, alerts","/analyse","Shared chrome · Keyboard shortcuts","API: CG.shortcuts.register(key, description, handler, {group, always}) → unregister fn; unregister(key); list(); open(); close()","working","yes","e2e (Playwright) · api contract","Registering an existing key overrides it (the analyse part owns j/k/B/S)"
"HC-SH-105","5","Platform engineer","App shell, settings, tour, assistant, palette, alerts","/analyse","Shared chrome · Portfolio bar","32px status bar rendered into <div data-cg=""portfolio-bar""> (or a fixed bottom bar appended to /analyse when the placeholder is absent)","working","yes","unit (pricing) · e2e (Playwright)","html.cgc-pbar-fixed-on shrinks .an-shell by 32px in the fallback; toasts and the assistant dock above it"
"HC-SH-106","5","Platform engineer","App shell, settings, tour, assistant, palette, alerts","/analyse","Shared chrome · Portfolio bar","Items: Portfolio · N open strategies (live count) · Net Δ · Net Θ/day · Net ν · Margin used $x / $y with bar · Day P&L · Alerts N armed (+ fired badge) · Basis mark|bid/ask · CCY USD|INR","working","yes","unit (pricing) · e2e (Playwright) · api contract · security","Values from CG.portfolio.compute() when the trading part provides it, else computed from CG.mock.strategies (PAPER/LIVE, open legs) with CG.analyze; CG.chrome.portfolioData()"
"HC-SH-107","5","Platform engineer","App shell, settings, tour, assistant, palette, alerts","/analyse","Shared chrome · Portfolio bar","Re-renders on 'tick', 'portfolio-changed', 'analyse:strategies-changed', 'alerts-changed', 'alert-triggered', 'pnl-basis-changed', 'currency-settings-changed', 'lot-sizes-changed', 'broker-balance-changed', 'density'","working","yes","e2e (Playwright) · api contract","Behaves as in the v2 mock."
"HC-SH-108","5","Platform engineer","App shell, settings, tour, assistant, palette, alerts","/analyse","Shared chrome · Portfolio bar","Clicks: Portfolio → Paper tab (analyse:set-tab), Margin → wallet popover / API settings, Alerts → alerts dialog, Basis → P&L Settings, CCY → Currency Settings","working","yes","unit (pricing) · e2e (Playwright) · api contract","Behaves as in the v2 mock."
"HC-SH-109","5","Platform engineer","App shell, settings, tour, assistant, palette, alerts","/analyse","Shared chrome · Plan banner","Slim 28px one-line strip: state stripe (green active / amber expiring / red expired / blue free), plan name micro-label, message, outline action, dismiss","working","yes","unit (pricing) · e2e (Playwright)","Same four states and dismiss persistence as v1"
"HC-SH-110","5","Platform engineer","App shell, settings, tour, assistant, palette, alerts","/analyse","Shared chrome · HapieCoin Assistant","“Explain this strategy” quick action (header sparkle button, first suggestion chip on /analyse, palette command) summarises CG.analyse.legs","working","yes","unit (pricing) · e2e (Playwright)","CG.chrome.explainStrategy(): classifies the legs (CG.chrome.strategyName), lists legs, net debit/credit, max profit/loss, breakevens with % from spot, POP, reward:risk, margin, Greeks and a bias / risk / theta read-out from CG.analyze"
"HC-SH-111","5","Platform engineer","App shell, settings, tour, assistant, palette, alerts","/analyse","Shared chrome · HapieCoin Assistant","New canned answers for alerts, shortcuts / palette and density","working","yes","e2e (Playwright) · api contract","Behaves as in the v2 mock."
"HC-SH-112","5","Platform engineer","App shell, settings, tour, assistant, palette, alerts","/analyse","Shared chrome · Product tour","Step 15 'Command palette' targets the Ctrl K button (data-tour=command-palette)","working","yes","e2e (Playwright)","CG.chrome.TOUR_STEPS.length === 15"
"HC-SH-113","5","Platform engineer","App shell, settings, tour, assistant, palette, alerts","/analyse","Shared chrome · Density","html[data-density=""comfortable|compact""] set at boot from CG.state.density and on every change; --cg-row CSS variable (36px / 28px) for dense rows in any part","working","yes","e2e (Playwright)","CG.chrome.setDensity(v), CG.chrome.toggleDensity(); event 'density'"
"HC-SH-114","5","Platform engineer","App shell, settings, tour, assistant, palette, alerts","undefined","API · hardening","Every request body bounded","working","yes","unit (api)","A 1 MB cap (env API_BODY_LIMIT_BYTES) on every request body, applied before the auth handler, the guards and the validators; over the cap the API answers 413 PAYLOAD_TOO_LARGE in the error envelope; the banner image upload keeps its own 5 MB limit"
"HC-SH-115","5","Platform engineer","App shell, settings, tour, assistant, palette, alerts","undefined","API · hardening","Order-route budget per user","working","yes","unit (api)","The live placement, retry, batch and positions-exit routes accept 20 requests per minute per signed-in user (env ORDER_RATE_MAX_PER_MIN) on top of the global 300 per minute per IP; the 21st answers 429 ORDER_RATE_LIMITED with Retry-After before the executor runs; X-Order-RateLimit-* headers carry the budget"
"HC-SH-116","5","Platform engineer","App shell, settings, tour, assistant, palette, alerts","undefined","API · replicas","Background jobs run in one API replica","working","yes","unit (api)","The reconciler, IV snapshotter (+ alerts) and Telegram linker start only in the replica holding the Redis lease hapiecoin:leader:api-jobs (API_JOBS_ROLE leader / always / off, LEADER_TTL_MS); a standby replica takes over within the lease; /healthz reports jobs { role, active }"
"HC-SH-117","5","Platform engineer","App shell, settings, tour, assistant, palette, alerts","undefined","Gateway · replicas","One venue feed across several gateways","working","yes","unit (gateway)","The gateway holding the feed lease runs the Delta socket and publishes; followers register their clients' topics in a Redis hash so the leader watches them, serve first snapshots from the store the leader writes and live frames from the fan-out; takeover within LEADER_TTL_MS; GATEWAY_ROLE auto / follower; /healthz role, /metrics hapiecoin_gateway_leader"
"HC-SH-118","5","Platform engineer","App shell, settings, tour, assistant, palette, alerts","undefined","Venues · port","One venue port in front of Delta India","working","yes","unit (venues)","The API and the gateway take their REST, trading and market-data clients, the schema mapping, lot-size defaults, seed fees and the venue id from getVenue(DEFAULT_VENUE) in @hapiecoin/venues; DELTA_INDIA carries the contract specs (0.001 BTC / 0.01 ETH / 0.001 XAUT, ticks 0.1 / 0.01 / 0.01, settlement 12:00 UTC, XAUT 16:00, USD), the symbol codec, fee defaults 0.05 / 18 / 10 and capability flags; an unknown venue or a missing trading client is a typed error"
"HC-SH-119","5","Platform engineer","App shell, settings, tour, assistant, palette, alerts","undefined","Venues · port (web)","The web client asks the venue port, never Delta","working","yes","unit (web)","@hapiecoin/venues/core is the browser-safe part of the port (no client factory, no node:crypto); the web client formats and parses symbols through the codec (venueSymbol, parseVenueSymbol), takes lot defaults from defaultLotSizes, the settlement hour from the venue calendar and the venue id from DEFAULT_VENUE; an impossible calendar date in an exchange position symbol is refused"
"HC-SH-120","5","Platform engineer","App shell, settings, tour, assistant, palette, alerts","undefined","Venues · column","Every strategy, exchange, alert and history row names its venue","working","yes","unit (api)","Migration 0016 adds venue (default delta_india) to strategies, brokers, alerts, iv_snapshots and instrument_marks; Strategy / Alert / Broker / IvHistory / MarkHistory carry venue; a P&L alert takes its strategy's venue; history reads and the market routes are scoped to a venue (?venue=, unknown is 400); paper start and live placement refuse an exchange of another venue with a 409; the web client sends its venue on create and the workbench sizes lots by the strategy's venue"
"HC-SH-121","5","Platform engineer","App shell, settings, tour, assistant, palette, alerts","undefined","Pricing · calendar and carry","The engine prices with a rate and carry on an injected trading calendar; exercise style is shown","working","yes","unit (pricing)","packages/pricing gains Black-Scholes-Merton (forward S·e^((r−q)T), bsmPrice / bsmGreeks / bsmImpliedVol) and a data TradingCalendar (days per year, settlement hour) that ValuationOptions take with rate and dividendYield; defaults keep every figure bit-identical; the web client takes the calendar and the settlement hour from the venue port and names the exercise style on the Greeks caption and the option details (American flagged as a European-model estimate); the settler and the snapshotter read the settlement instant from the venue's calendar"
"HC-SH-122","5","Platform engineer","App shell, settings, tour, assistant, palette, alerts","undefined","Venues · Deribit (data-only)","Deribit BTC and ETH option chains behind the venue port, data-only","working","yes","unit (venues)","packages/venues gains a Deribit adapter (public REST and JSON-RPC socket, no key): inverse coin contracts are converted to USD per underlying unit with the index at the adapter, greeks pass through, names round-trip, settlement 08:00 UTC; VENUES lists deribit; the gateway opens one session per venue in GATEWAY_VENUES and routes chain:deribit:* topics to it (healthz feed.venues); the API accepts Deribit exchanges and paper strategies but refuses API keys and live orders for a data-only venue with a 409"
"HC-PB-001","1","Platform engineer","Public site & authentication","/","Landing page","Sticky 56px panel-tone header with amber Δ mark logo (→ home), text nav (Features / Market Analytics / Markets / Exchanges / What's new), Ctrl K button, theme toggle, Sign Up, Get Started →","working","no","e2e (Playwright)","Nav links smooth-scroll to landing sections without changing the route; Ctrl K opens CG.palette; Sign Up → #/auth?tab=signup, Get Started → #/auth"
"HC-PB-002","4","Platform engineer","Public site & authentication","/","Landing page","Header swaps to “Go to App →” when the visitor is logged in","working","no","e2e (Playwright)","Listens to CG 'auth' events and CG.state.loggedIn; hides Sign Up / Get Started and shows Go to App → #/analyse"
"HC-PB-003","4","Platform engineer","Public site & authentication","/","Landing page","Theme toggle (moon / sun icon)","working","no","e2e (Playwright)","Calls CG.theme.toggle(); icon flips on the 'theme' event; whole page re-skins via CSS variables"
"HC-PB-004","1","Platform engineer","Public site & authentication","/","Landing page","Hero: ‘LIVE ON DELTA EXCHANGE’ mono tag with pulsing dot, headline “Trade Crypto Options / Like a Pro” (second line muted, no gradient), lead paragraph, 6 check bullets","static","no","unit (pricing) · visual (screenshot diff) · security","Copy unchanged; dark ground, no gradient washes"
"HC-PB-005","4","Platform engineer","Public site & authentication","/","Landing page","Hero buttons “Start Trading Free →” and “Explore Features ⌄”","working","no","e2e (Playwright)","Start Trading Free navigates to #/auth; Explore Features smooth-scrolls to the Platform Features section"
"HC-PB-006","4","Platform engineer","Public site & authentication","/","Landing page","Hero product visual: terminal mock built from live CG.chain / CG.analyze data — top bar (asset segments, futures price, ATM IV, expected move, feed, Ctrl K), 11-row mirrored chain (Δ · OI · Mark/IV | Strike | Mark/IV · OI · Δ, ITM tint, amber ATM row, OI bars, leg outlines), builder strip, payoff tiles + chart, scenario matrix, portfolio bar","static","no","unit (pricing) · visual (screenshot diff) · security","CG.pubTerminal(kind) (alias CG.pubMock); the BTC price in the mock updates on every tick"
"HC-PB-007","4","Platform engineer","Public site & authentication","/","Landing page","Floating hero chips replaced by data inside the terminal (Bull Call Spread legs with Δ/Θ, max profit / max loss / breakeven / POP tiles, 5×4 P&L matrix)","static","no","unit (pricing) · visual (screenshot diff)","Absolutely positioned cards around the mock; the mini frame lifts on hover"
"HC-PB-008","4","Platform engineer","Public site & authentication","/","Landing page","Stats strip: 28 Built-in Strategies · Real-time Greeks & IV · 2 Assets Supported · Paper Trading (mono values, hairline cells)","working","no","unit (pricing) · e2e (Playwright)","Numeric values count up from 0 when the row scrolls into view (IntersectionObserver, 1.5s; skipped under reduced-motion)"
"HC-PB-009","1","Platform engineer","Public site & authentication","/","Landing page","Live Markets · Powered by Delta Exchange with LIVE tag and BTCUSD / ETHUSD / XAUTUSD tiles (price, 24h %, sparkline, H/L, IV)","working","no","unit (pricing) · e2e (Playwright) · security","Tiles update and flash on every 'tick'"
"HC-PB-010","4","Platform engineer","Public site & authentication","/","Landing page","WHY HAPIECOIN? “Stop Guessing. Start Trading Smart” — two-column comparison table: Without HapieCoin (× rows, muted) vs With HapieCoin (✓ rows)","static","no","visual (screenshot diff) · api contract","Same 5 + 5 statements as v1 rendered as a table"
"HC-PB-011","4","Platform engineer","Public site & authentication","/","Landing page","PLATFORM FEATURES tabs (amber underline, auto-rotate progress): Real-time Options Chain / Strategy Builder & Payoff / Paper & Live Trading, each with its terminal mock variant","working","no","unit (pricing) · e2e (Playwright) · security","Variants: chain (chain + builder + payoff + matrix), builder (legs table + templates + payoff + Greeks strip), trading (positions list + wallet tiles + P&L history)"
"HC-PB-012","4","Platform engineer","Public site & authentication","/","Landing page","CAPABILITIES “Built for Serious Traders” — 6 hairline cells (two wide) in one bordered grid","static","no","visual (screenshot diff) · api contract · security","4-column grid; the two “large” cards span 2 columns exactly like the original; hover lift"
"HC-PB-013","4","Platform engineer","Public site & authentication","/","Landing page","MARKET ANALYTICS “Liquidations & Market Pulse” — 24H Total Liq / Long Liq / Short Liq / Top Coin stat cells","static","no","visual (screenshot diff)","Values come from CG.mock.global (liq24h, longLiq24h, shortLiq24h, topLiqCoin) formatted as $214.00M etc."
"HC-PB-014","4","Platform engineer","Public site & authentication","/","Landing page","“Live liquidation pattern · last 40 intervals” bar sparkline","static","no","unit (pricing) · visual (screenshot diff) · security","40 bars from the last 40 entries of CG.mock.liqHistory; height ∝ long+short, red when long liquidations dominate, green otherwise; bars grow in on view and show a tooltip with the hourly values"
"HC-PB-015","4","Platform engineer","Public site & authentication","/","Landing page","“Explore Analytics →” button","working","no","e2e (Playwright)","Navigates to #/analytics (Market Analytics area)"
"HC-PB-016","4","Platform engineer","Public site & authentication","/","Landing page","EVERYTHING YOU NEED “Full Feature List” — 6 hairline cards × 6 bullets","static","no","visual (screenshot diff)","Exact bullet copy from the bundle's jot[] array rendered in a 3-column grid"
"HC-PB-017","4","Platform engineer","Public site & authentication","/","Landing page","Testimonials marquee removed — replaced by the “What’s new in v2” strip","working","no","e2e (Playwright)","See the new entries below"
"HC-PB-018","1","Platform engineer","Public site & authentication","/","Landing page","INTEGRATIONS “Supported Exchanges” — Delta Exchange (● LIVE, Connected via API) plus CoinDCX, CoinSwitch, Mudrex (Coming Soon)","static","no","unit (pricing) · visual (screenshot diff) · api contract · security","Text-logo tiles; the live card is highlighted, coming-soon cards are dimmed to 60% like the original"
"HC-PB-019","4","Platform engineer","Public site & authentication","/","Landing page","CTA panel “Ready to Trade Smarter?” with amber accent stripe (no gradient) and “Create Free Account →”","working","no","e2e (Playwright)","Gradient primary→accent band; button navigates to #/auth"
"HC-PB-020","4","Platform engineer","Public site & authentication","/","Landing page","Footer: brand blurb, Quick Links (Features / Markets / Exchanges / What’s new in v2), Legal, Contact Us, mono bottom line","working","no","unit (pricing) · e2e (Playwright)","Rendered by the shared CG.chrome['footer'] override so every screen with <div data-cg=""footer""> gets the same footer; Quick Links scroll to landing sections (navigating home first when needed), Legal links route, email is a mailto:, phone opens wa.me in a new tab"
"HC-PB-021","4","Platform engineer","Public site & authentication","/","Landing page","Smooth-scroll section anchors with sticky-header offset","working","no","unit (pricing) · e2e (Playwright)","data-scroll links call scrollIntoView on data-anchor targets (scroll-margin-top 64px) instead of changing the hash, so they never collide with the hash router"
"HC-PB-022","4","Platform engineer","Public site & authentication","/","Landing page","Dark theme support","working","no","e2e (Playwright)","All colours use the shell's CSS variables; verified with clone/shots/public-landing-dark.png"
"HC-PB-023","1","Platform engineer","Public site & authentication","/auth","Sign in / Sign up","Split layout: panel-tone brand column (mono eyebrow, “Master Options Trading” with amber word, paragraph, 4 hairline feature rows, live futures ticker, mono copyright) + form column","static","no","unit (pricing) · visual (screenshot diff) · security","Glows and grid backgrounds removed"
"HC-PB-024","1","Platform engineer","Public site & authentication","/auth","Sign in / Sign up","Tab state driven by the URL (?tab=login | otp-login | otp-verify | signup | verify-email | forgot | reset-password)","working","no","unit (pricing) · e2e (Playwright) · api contract · security","Every tab change navigates to #/auth?tab=… (preserving next= and ref=) so browser back/forward moves between steps; sub-steps that need an email fall back to their parent step on a cold visit"
"HC-PB-025","1","Platform engineer","Public site & authentication","/auth","Sign in / Sign up","Logged-in visitors are redirected away from /auth","working","no","e2e (Playwright)","show() checks CG.state.loggedIn and navigates to ?next= or /analyse"
"HC-PB-026","1","Platform engineer","Public site & authentication","/auth","Sign in / Sign up","Login card: “Welcome back · Sign in to your trading dashboard”, Continue with Delta Exchange, OR divider, mono uppercase field labels, amber Sign In, Forgot password? / Sign in with OTP, Create account","working","no","unit (pricing) · e2e (Playwright) · api contract · security","Email required / format validated inline (“Email is required”, “Invalid email”); password < 6 chars → toast “Login failed · Invalid credentials.”; success → CG.auth.login(email), toast “Welcome back! · Logged in successfully.”, navigate to ?next= or /analyse"
"HC-PB-027","1","Platform engineer","Public site & authentication","/auth","Sign in / Sign up","Password visibility toggle (eye / eye-off)","working","no","e2e (Playwright) · security","Button switches the input type between password and text and swaps the icon; present on every password field"
"HC-PB-028","1","Platform engineer","Public site & authentication","/auth","Sign in / Sign up","Continue with Delta Exchange","working","no","unit (pricing) · e2e (Playwright)","Navigates to #/auth/delta which simulates the OAuth hand-off"
"HC-PB-029","1","Platform engineer","Public site & authentication","/auth","Sign in / Sign up","Sign in with OTP: “We'll send a one-time code to your registered email”, Email, Send OTP, New here? Create an account first, ← Back to login","working","no","e2e (Playwright) · api contract · security","Validates the email, toast “OTP Sent · Check your email for the OTP.” and moves to ?tab=otp-verify"
"HC-PB-030","1","Platform engineer","Public site & authentication","/auth","Sign in / Sign up","Enter OTP: “Code sent to <email>”, 6 DM Mono digit boxes (auto-advance, backspace, paste), Verify & Login, “Resend OTP in 30s” countdown → “Resend OTP”","working","no","e2e (Playwright) · api contract · security","Boxes auto-advance, support backspace and paste; any 6 digits succeed (e.g. 123456) → toast “Welcome! · Logged in successfully” + login; incomplete code → “Error · Enter valid OTP”; resend → toast “OTP Resent” and the 30s timer restarts"
"HC-PB-031","1","Platform engineer","Public site & authentication","/auth","Sign in / Sign up","Create account form: Full Name, Email, Mobile Number, Password, Confirm, Referral Code (Optional) placeholder REF_XXXXXXX, Create Account, Already have an account? Sign in","working","no","e2e (Playwright) · api contract · security","Referral code is prefilled from ?ref= (referral links); validations: name required, email format, 10-digit mobile, all password rules, confirm must match (“Passwords do not match”), referral pattern REF_…; success → toast “Account created! · Please verify your email with the OTP sent.” → ?tab=verify-email"
"HC-PB-032","1","Platform engineer","Public site & authentication","/auth","Sign in / Sign up","Live password rules: ✓ Uppercase letter · ✓ Lowercase letter · ✓ Number · ✓ Special character · ✓ 8+ characters (+ strength bar)","working","no","unit (pricing) · e2e (Playwright) · security","Each rule turns green as the typed password satisfies it; bar colour goes red → amber → green"
"HC-PB-033","1","Platform engineer","Public site & authentication","/auth","Sign in / Sign up","Verify your email: “We've sent a 6-digit OTP to <email>”, 6 boxes, Verify Email, “Didn't receive the code? Resend in 30s”, ← Back to sign up","working","no","unit (pricing) · e2e (Playwright) · api contract · security","Incomplete → toast “Verification failed · Please enter the complete 6-digit OTP”; success → toast “Email verified! · You can now sign in.” and returns to the login tab with the email prefilled; resend → “OTP resent · A new OTP has been sent to your email.”"
"HC-PB-034","1","Platform engineer","Public site & authentication","/auth","Sign in / Sign up","Reset password: “Enter your email and we'll send you an OTP”, Email Address, Send OTP, ← Back to sign in","working","no","e2e (Playwright) · api contract · security","Validates the email, toast “OTP sent! · Check your email for the OTP.” → ?tab=reset-password"
"HC-PB-035","1","Platform engineer","Public site & authentication","/auth","Sign in / Sign up","Set new password: “Enter the OTP sent to <email> and your new password”, OTP, New Password (rules), Confirm Password, Reset Password, resend countdown, ← Back","working","no","e2e (Playwright) · api contract · security","OTP must be 6 digits, new password must pass all rules and match; success → toast “Password reset! · You can now sign in with your new password.” → login tab"
"HC-PB-036","1","Platform engineer","Public site & authentication","/auth","Sign in / Sign up","?next= deep-link support","working","no","e2e (Playwright) · api contract","Protected screens redirect to /auth?next=/path; after any successful login the user lands on that path"
"HC-PB-037","1","Platform engineer","Public site & authentication","/auth/delta","Delta Exchange sign-in","Full-screen spinner “Signing you in with Delta…”, then login","working","no","unit (pricing) · e2e (Playwright) · api contract","After 1.5s: CG.auth.login(), toast “Welcome! · Signed in with Delta.”, navigate to /analyse (timer cancelled if the user leaves)"
"HC-PB-038","1","Platform engineer","Public site & authentication","/sso","SSO return","“Signing you in…” spinner then redirect","working","no","e2e (Playwright)","After 1s logs the user in and navigates to ?sso_return= (when it is an in-app path) or /analyse"
"HC-PB-039","4","Platform engineer","Public site & authentication","/privacy","Privacy Policy","← Back button, LEGAL eyebrow, title, mono “LAST UPDATED” line, 7 sections in a two-column definition layout","working","no","e2e (Playwright)","Back goes to the previous screen (history.back) or home when opened directly; sections 1–7 use the bundle's exact headings and paragraphs"
"HC-PB-040","4","Platform engineer","Public site & authentication","/terms","Terms of Service","← Back button, title, mono last-updated line, 8 two-column sections","working","no","e2e (Playwright)","Exact copy incl. “provided ""as is"" without warranties”"
"HC-PB-041","4","Platform engineer","Public site & authentication","/disclaimer","Disclaimer","← Back button, title, mono last-updated line, 7 two-column sections (Not Financial Advice … Third-Party Integrations)","working","no","e2e (Playwright)","Exact copy from the bundle"
"HC-PB-042","4","Platform engineer","Public site & authentication","/payoff-preview","Payoff chart preview","Preset chips: Iron Condor · Long Call (Unlimited) · Short Strangle (Both Unlimited) · Wide chain, narrow leg (BTC 78k, chain 69k-87k)","working","no","unit (pricing) · e2e (Playwright)","Legs, prices and IVs copied from the bundle (Uot/zot/Vot/Wot); selecting a preset resets zoom, target and date and re-renders; spot 100k (78k for the wide-chain case) is passed to CG.analyze via opts.spot with lots sized so 1 contract = 1 BTC"
"HC-PB-043","4","Platform engineer","Public site & authentication","/payoff-preview","Payoff chart preview","Legend: On Expiry (ink) · On Target Date (blue) · Profit · Loss · Call OI · Put OI (faint) — click toggles the layer","working","no","e2e (Playwright)","Legend items are clickable and toggle the matching chart layer (struck-through when off)"
"HC-PB-044","4","Platform engineer","Public site & authentication","/payoff-preview","Payoff chart preview","Zoom In / 100% / Zoom Out","working","no","e2e (Playwright)","Zoom narrows or widens the price range around spot (×1.25 steps, 50%–400%); clicking the percentage resets; the target slider range follows"
"HC-PB-045","4","Platform engineer","Public site & authentication","/payoff-preview","Payoff chart preview","Layers popover (“Chart Layers”): Expiry P&L, Target Date P&L, Profit / Loss Fill, Open Interest, SD Bands, Breakevens","working","no","unit (pricing) · e2e (Playwright) · security","Switch rows toggle each SVG layer live; closes on outside click"
"HC-PB-046","4","Platform engineer","Public site & authentication","/payoff-preview","Payoff chart preview","SD header: −2SD / −1SD / Current / +1SD / +2SD with “Expected move by target date (Nd)”","working","no","unit (pricing) · e2e (Playwright)","Log-normal bands from the legs' average IV over the selected horizon; ±1SD is shaded on the chart with dashed edges"
"HC-PB-047","4","Platform engineer","Public site & authentication","/payoff-preview","Payoff chart preview","SVG payoff chart restyled to the reference: single ink expiry line with green/red fills, blue target-date curve, amber SPOT pill + line, faint neutral OI bars, dashed ±1σ band labels, dashed breakevens with BE labels, blue target-price marker with P&L label","working","no","unit (pricing) · e2e (Playwright)","Colours only via tokens: --foreground, --curve, --spot, --profit, --loss, --muted-foreground"
"HC-PB-048","4","Platform engineer","Public site & authentication","/payoff-preview","Payoff chart preview","Hover crosshair + tooltip","working","no","unit (pricing) · e2e (Playwright)","Moving over the plot shows a vertical crosshair, markers on both curves and a tooltip with the price, Expiry P&L and target-date P&L"
"HC-PB-049","4","Platform engineer","Public site & authentication","/payoff-preview","Payoff chart preview","Summary line “@ $100k (+0.0%) · 15D: +$… · Expiry: +$… · Profit/Loss pill” (mono)","working","no","unit (pricing) · e2e (Playwright)","Recomputed from CG.analyze at the target price for both the target date and expiry; the pill turns red “Loss: $…” when negative"
"HC-PB-050","4","Platform engineer","Public site & authentication","/payoff-preview","Payoff chart preview","BTC TARGET slider with −/+ buttons, % chip and $ label","working","no","e2e (Playwright)","Range slider (step $100) and ±$500 buttons move a target marker on the chart and update the summary on every input event"
"HC-PB-051","4","Platform engineer","Public site & authentication","/payoff-preview","Payoff chart preview","TODAY date slider (Today ↔ Expiry) with ‹ › day buttons and info hint — defaults to mid-way so the target curve is visible","working","no","e2e (Playwright)","Slider from day 0 to expiry (30d); the blue target-date curve, SD header and “ND:” summary value follow the selected day; label shows e.g. “Fri, 18 Sep 02:30 PM”"
"HC-PB-052","4","Platform engineer","Public site & authentication","*","Not found","Not found: ERROR eyebrow, 64px mono “404”, “Oops! Page not found”, outline “Return to Home”","working","no","e2e (Playwright)","Catch-all screen; Return to Home → #/"
"HC-PB-053","4","Platform engineer","Public site & authentication","/","Landing page","“What’s new in v2” strip (replaces testimonials): Scenario matrix · Vol & Structure tabs · Alerts · Command palette · Journal · Share links, each with an inline SVG icon, NEW tag and one-liner; “Full feature inventory →” link","working","yes","unit (pricing) · e2e (Playwright) · api contract","CG.mock.landing.whatsNew; anchor #whats-new reachable from the header nav and footer"
"HC-PB-054","4","Platform engineer","Public site & authentication","/","Landing page","Terminal mock top bar shows live ATM IV / IV rank / expected move from CG.chrome.marketStats and the Ctrl K hint","working","yes","unit (pricing) · e2e (Playwright) · security","Behaves as in the v2 mock."
"HC-PB-055","4","Platform engineer","Public site & authentication","/","Landing page","Terminal mock scenario matrix: 5 prices × Today / +6d / +13d / Expiry P&L cells, colour intensity scaled by magnitude","working","yes","unit (pricing) · e2e (Playwright)","Each cell is a CG.analyze(legs, asset, {targetDays, min, max, points:2}) call"
"HC-PB-056","4","Platform engineer","Public site & authentication","/","Landing page","Terminal mock portfolio bar mirrors the app: strategies, Net Δ, margin used, day P&L, alerts armed, basis, CCY","working","yes","unit (pricing) · e2e (Playwright) · api contract","Reads CG.chrome.portfolioData() when the chrome part is present"
"HC-PB-057","4","Platform engineer","Public site & authentication","/","Landing page","Live Markets tiles gained a 40-point sparkline and the asset IV","working","yes","unit (pricing) · e2e (Playwright) · security","Behaves as in the v2 mock."
"HC-PB-058","1","Platform engineer","Public site & authentication","/","Landing page","Hero meta line: FREE PLAN · PAPER TRADING INCLUDED · BTC · ETH · XAUT OPTIONS · DELTA EXCHANGE INDIA (mono micro-labels)","working","yes","unit (pricing) · e2e (Playwright)","Behaves as in the v2 mock."
"HC-PB-059","1","Platform engineer","Public site & authentication","/","Landing page","Ctrl K button in the public header opens the command palette (Home / Sign in / legal / payoff preview commands available while logged out)","working","yes","unit (pricing) · e2e (Playwright)","Behaves as in the v2 mock."
"HC-PB-060","4","Platform engineer","Public site & authentication","/","Landing page","Both themes: dark-first obsidian ground; light variant is the cool paper/graphite reading — no gradients, no card shadows, hairline separation","working","yes","e2e (Playwright)","Behaves as in the v2 mock."
"HC-PB-061","1","Platform engineer","Public site & authentication","/auth","Sign in / Sign up","Live futures ticker (BTC / ETH / XAUT price and 24h %) under the feature rows, updated every tick","working","yes","unit (pricing) · e2e (Playwright) · security","Behaves as in the v2 mock."
"HC-PB-062","1","Platform engineer","Public site & authentication","/auth","Sign in / Sign up","Mono inputs for mobile number, referral code and OTP; password strength bar + mono rule list","working","yes","e2e (Playwright) · api contract · security","Behaves as in the v2 mock."
"HC-PB-063","4","Platform engineer","Public site & authentication","/payoff-preview","Payoff chart preview","Header note “Spot · amber · Target date · blue · OI · faint bars”; preset buttons use a neutral selected state","working","yes","e2e (Playwright)","Behaves as in the v2 mock."
"HC-PB-064","4","Platform engineer","Public site & authentication","/payoff-preview","Payoff chart preview","Target-price marker: dashed blue line, hollow dot on the active curve and “+$… @ price” label when the target differs from spot","working","yes","unit (pricing) · e2e (Playwright)","Behaves as in the v2 mock."
"HC-PB-065","1","Platform engineer","Public site & authentication","/auth","Sign in / Sign up","Continue with Google (Better Auth social sign-in): the button shows only when the API has Google configured; the OAuth callback is served on the web origin so the session cookie is first-party and /analyse opens signed in","working","no","e2e (Playwright) · api contract","authClient.signIn.social({ provider: ""google"", callbackURL: next }); BETTER_AUTH_URL = web origin (ADR-019)"
"HC-WS-001","2","Workspace engineer","Workspace: chain & analysis pane","/analyse","Analyse workspace","Two-pane workspace (chain left ≈55%, analysis right ≈45%) below the app header, above the fixed portfolio bar; each pane scrolls internally","working","no","e2e (Playwright)","Flex shell sized to 100vh minus the measured header + plan banner height and a reserved 44px bottom strip for the chrome portfolio bar (measured: fixed bar → padding, in-flow bar → subtracted); ResizeObservers keep it in sync"
"HC-WS-002","2","Workspace engineer","Workspace: chain & analysis pane","/analyse","Analyse workspace","Resizable divider between the panes (drag 35–70%, double-click resets to 55%)","working","no","unit (pricing) · e2e (Playwright)","Width persisted in CG.state.analyseSplit; chart re-renders to the new width"
"HC-WS-003","2","Workspace engineer","Workspace: chain & analysis pane","/analyse","Analyse workspace","Responsive stacking below 1000px with a segmented 'Chain | Analysis' toggle","working","no","unit (pricing) · e2e (Playwright)","Media query stacks the panes; the toggle sets data-mobile on the shell to show one pane at a time"
"HC-WS-004","5","Workspace engineer","Workspace: chain & analysis pane","/analyse","Analyse workspace","Shared chrome placeholders: app header (variant 'analyse'), plan banner and portfolio bar","working","no","unit (pricing) · e2e (Playwright)","<div data-cg=""app-header"" data-variant=""analyse"">, <div data-cg=""plan-banner""> and <div data-cg=""portfolio-bar""> are rendered by the chrome part; the workspace measures them"
"HC-WS-005","2","Workspace engineer","Workspace: chain & analysis pane","/analyse","Analyse workspace","Left tab bar: Chain · Builder · Paper · Live · Journal with small mono count pills","working","no","unit (pricing) · e2e (Playwright) · security","data-lptab chain|strategy|paper|live|journal (same data-tour ids as v1); pills show active legs / paper / live / closed strategy counts and hide at 0; the trading module mounts its .lp-panel[data-tab] panels into #analyse-left-panels"
"HC-WS-006","5","Workspace engineer","Workspace: chain & analysis pane","/analyse","Analyse workspace","Deep links #/analyse?tab=strategy&panel=scenarios (panel = payoff | scenarios | greeks | vol | structure | ladder; the v1 values analytics → payoff and pnl → ladder still resolve)","working","no","unit (pricing) · e2e (Playwright)","query.tab / query.panel are read in show(); the last tab is persisted in CG.state.analyseTab / analyseRightTab"
"HC-WS-007","2","Workspace engineer","Workspace: chain & analysis pane","/analyse","Options chain","Expiry strip with two-line chips '25 Sep / 21d' (07 Sep … 26 Mar); an amber dot marks expiries that hold legs of the current strategy","working","no","e2e (Playwright)","Chips rendered from CG.EXPIRIES; click sets CG.analyse.expiry + CG.state.expiry, re-renders the chain, emits analyse:expiry and toasts"
"HC-WS-008","2","Workspace engineer","Workspace: chain & analysis pane","/analyse","Options chain","Expiry strip scroll arrows ‹ › (only shown when the strip overflows)","working","no","e2e (Playwright)","Overflow measured after render / resize; arrows scroll the strip by 220px"
"HC-WS-009","2","Workspace engineer","Workspace: chain & analysis pane","/analyse","Options chain","LIVE pill in the chain toolbar (Live → Connecting → Static and back)","working","no","unit (pricing) · e2e (Playwright) · security","Toggles CG.analyse.mode; in static mode ticks stop updating the chain"
"HC-WS-010","2","Workspace engineer","Workspace: chain & analysis pane","/analyse","Options chain","Gear button in the chain toolbar → Column Settings dialog","working","no","e2e (Playwright) · api contract · security","Opens the v1 Column Settings dialog (show / hide, reorder, quick buttons)"
"HC-WS-011","2","Workspace engineer","Workspace: chain & analysis pane","/analyse","Column Settings","Show / Hide tab with grouped switches: Market Data (Ask (Price/IV), Mark (Price/IV), Bid (Price/IV), OI, Volume, Bid Qty, Ask Qty), Greeks (Delta, Gamma, Theta, Vega), Activity (24hr Chg, Last), OHLC (Open, High, Low)","working","no","unit (pricing) · e2e (Playwright)","Each row toggles the column; the chain re-renders instantly and the 'x of 16' counter updates"
"HC-WS-012","2","Workspace engineer","Workspace: chain & analysis pane","/analyse","Column Settings","Quick buttons Essentials · Show All · Hide all · Reset","working","no","e2e (Playwright)","Essentials = Ask · Mark · Bid · OI · Δ (the v2 default); Show All / Hide all / Reset; each change re-renders the chain and toasts"
"HC-WS-013","2","Workspace engineer","Workspace: chain & analysis pane","/analyse","Column Settings","Reorder tab – 'Drag columns to change their display order (left → right).'","working","no","e2e (Playwright) · api contract · security","HTML5 drag & drop list (dragstart/dragover/dragend) plus ▲/▼ buttons; hidden columns are badged; order applies from the strike outward and is mirrored on the Calls side"
"HC-WS-014","2","Workspace engineer","Workspace: chain & analysis pane","/analyse","Column Settings","Persistence of column visibility and order","working","no","e2e (Playwright) · api contract · security","Saved as CG.state.chainCols {v:2, order, visible} (v1 layouts are migrated to the v2 default)"
"HC-WS-015","2","Workspace engineer","Workspace: chain & analysis pane","/analyse","Options chain","Sticky two-row header: 'CALLS · ITM shaded · strikes ±12' | '25 Sep · 19d' | 'Δ per contract · PUTS', then the column labels Δ · OI · Bid/IV · Mark/IV · Ask/IV | Strike | Ask/IV · Mark/IV · Bid/IV · OI · Δ","working","no","unit (pricing) · e2e (Playwright) · api contract · security","Column order is defined once from the strike outward (price triplet inboard, OI and Δ outboard) and mirrored on the calls side"
"HC-WS-016","2","Workspace engineer","Workspace: chain & analysis pane","/analyse","Options chain","41 strikes around ATM from CG.chain(asset, expiry) with a strike-range control (±6 / ±12 / all), auto-scrolled to ATM","working","no","e2e (Playwright)","Range persisted in CG.state.chainRange (default ±12); the footer reports ""n of 41 strikes"""
"HC-WS-017","2","Workspace engineer","Workspace: chain & analysis pane","/analyse","Options chain","Strike cell: mono price; the ATM row is a single amber band with an 'ATM' micro tag; leg pills ('C B 10', 'P S 10') sit under the strike","working","no","e2e (Playwright)","tr.atm background hsl(--primary/.09) with amber strike text; the sub-line is rebuilt on every legs change"
"HC-WS-018","2","Workspace engineer","Workspace: chain & analysis pane","/analyse","Options chain","Price cells (Bid / Mark / Ask) show the price at 1dp with the IV at 1dp underneath; calls right-aligned, puts left-aligned; neutral ink (colour is reserved for buy/sell and P&L)","working","no","unit (pricing) · e2e (Playwright)","cellInner() renders <span class=""px""> + <span class=""iv"">; INR mode converts premiums at CG.state.conversionRate (0dp)"
"HC-WS-019","2","Workspace engineer","Workspace: chain & analysis pane","/analyse","Options chain","OI column drawn as a thin inward bar anchored at the outer edge (calls grow towards the strike from the left, puts from the right)","working","no","e2e (Playwright)","2px bar width proportional to max OI of the chain; value shown as an integer"
"HC-WS-020","2","Workspace engineer","Workspace: chain & analysis pane","/analyse","Options chain","ITM tint: call cells below spot and put cells above spot get a 4% foreground tint","working","no","e2e (Playwright)","td.itm{background:hsl(var(--foreground)/.04)}; hover replaces it with the raised surface tone"
"HC-WS-021","2","Workspace engineer","Workspace: chain & analysis pane","/analyse","Options chain","Optional columns: Γ (6dp), Θ (1dp), ν (1dp), Volume, Bid Qty, Ask Qty, 24hr Chg (signed, coloured), Last, Open, High, Low; Δ (2dp) is shown by default","working","no","unit (pricing) · e2e (Playwright)","Toggled in Column Settings; the Greeks chip in the toolbar adds/removes Γ Θ ν in one click"
"HC-WS-022","2","Workspace engineer","Workspace: chain & analysis pane","/analyse","Options chain","Live price updates with flash animation","working","no","unit (pricing) · e2e (Playwright) · security","On every 'tick' (2.5s) the chain is re-quoted; changed Bid/Mark/Ask/Last cells get .flash-up / .flash-down; if the ATM strike shifts the table is rebuilt keeping the scroll position"
"HC-WS-023","2","Workspace engineer","Workspace: chain & analysis pane","/analyse","Options chain","Row hover reveals a floating control on both sides: [B] [S] [− 10 +] lot stepper [ⓘ]","working","no","e2e (Playwright)",".an-ctl inside the inboard cell; − / + step through the lot presets, clicking the number opens a preset menu, ⓘ opens option details; also shown on the keyboard-highlighted row"
"HC-WS-024","2","Workspace engineer","Workspace: chain & analysis pane","/analyse","Options chain","B / S add a leg (CALL on the calls side, PUT on the puts side) at the mark price with the chosen lots","working","no","unit (pricing) · e2e (Playwright)","Emits CG.emit('analyse:addLeg', {type, side, strike, expiry, lots, price, iv, symbol, asset}); if no handler appends within the same tick it appends to CG.analyse.legs itself and emits analyse:legs-changed; toast 'Leg Added'; max 10 active legs → toast 'Limit Reached · Maximum 10 active legs allowed per strategy'"
"HC-WS-025","2","Workspace engineer","Workspace: chain & analysis pane","/analyse","Options chain","Lot stepper presets (1 · 2 · 5 · 10 · 25 · 50 · 100 · 250 · 500 · 1000), default 10, ""× lot size"" shown as the stepper tooltip and in the option details dialog","working","no","e2e (Playwright)","CG.state.chainLots persisted; all steppers update together"
"HC-WS-026","2","Workspace engineer","Workspace: chain & analysis pane","/analyse","Options chain","ⓘ icon (or Enter on the highlighted row) → option details dialog titled with the Delta-style symbol (e.g. C-BTC-79500-250926)","working","no","unit (pricing) · e2e (Playwright)","Dialog shows mark price, IV badge, 24h change, Δ, a 24h sparkline of mark price + IV (mock series), stats grid (Bid / Ask, OI, Volume, Bid / Ask Qty, Delta, Gamma, Theta, Vega, 24h Chg, Last, Open / High, Low) and Buy / Sell buttons with a lots selector"
"HC-WS-027","2","Workspace engineer","Workspace: chain & analysis pane","/analyse","Options chain","Existing strategy legs are marked in the chain: 'C B 10' / 'P S 10' pills under the strike, the mark cell outlined green/red, a green/red stripe on the row's left edge, filled B / S buttons and an amber dot on the expiry chip","working","no","e2e (Playwright)","renderPills() runs on analyse:legs-changed and after every chain render"
"HC-WS-028","5","Workspace engineer","Workspace: chain & analysis pane","/analyse","Options chain","Keyboard: j / k or ↑ / ↓ move the highlighted strike (amber outline), B / S add a call leg, Shift+B / Shift+S a put, E / Shift+E cycle the expiry, Enter opens details, Esc clears","working","no","e2e (Playwright)","Registered through CG.shortcuts.register(key, description, handler) when the chrome registry exists (so they appear in the ? help) with a document-level fallback; ignored while typing or when a dialog is open; hovering a row moves the highlight"
"HC-WS-029","5","Workspace engineer","Workspace: chain & analysis pane","/analyse","Options chain","Chain footer: Σ Call OI · Σ Put OI · PCR · Max pain · Skew 25Δ · Fwd · 'n of 41 strikes · hover a row for B / S'","working","no","unit (pricing) · e2e (Playwright)","Skew 25Δ = IV(25Δ put) − IV(25Δ call) in vol points; Fwd from ATM put-call parity (K + C − P); max pain = strike minimising total option value"
"HC-WS-030","2","Workspace engineer","Workspace: chain & analysis pane","/analyse","Options chain","Asset switch (BTC / ETH / XAUT) from the header","working","no","e2e (Playwright)","Listens to CG.on('asset'): sets CG.analyse.asset, resets the target price, reloads the chain and every analysis panel"
"HC-WS-031","2","Workspace engineer","Workspace: chain & analysis pane","/analyse","Options chain","Currency toggle (USD / INR) re-formats premiums, P&L, tiles, greeks and axes; strikes stay in USD (contract terms)","working","no","unit (pricing) · e2e (Playwright)","Listens to CG.on('currency-settings-changed') and re-renders using CG.fmt.money / conversion rate"
"HC-WS-032","5","Workspace engineer","Workspace: chain & analysis pane","/analyse","Analysis pane","Right tab bar: Payoff · Scenarios · Greeks · Vol · Structure · Ladder with the strategy summary (""Bull Call Spread · 25 Sep · 20 lots""), Share and collapse buttons (data-tour=""payoff-panel"")","working","no","unit (pricing) · e2e (Playwright)","The v1 Analytics tab was merged into the Payoff tab as the Analytics strip; the v1 P&L Table became the Ladder tab"
"HC-WS-033","2","Workspace engineer","Workspace: chain & analysis pane","/analyse","Payoff Diagram","Six summary tiles: Max profit ('at ≥ 80,512' / 'unlimited upside') · Max loss ('at ≤ 79,319') · Net debit / credit with the per-BTC line ('465.8 / BTC · 10 lots') · Breakeven(s) with % from spot · POP ('lognormal · IV 42.4%') · R:R ('1 : 1.15')","working","no","unit (pricing) · e2e (Playwright)","Hairline-separated tiles, no cards; extremes located from the expiry payoff, per-unit premium = net premium / (lot size × gcd of lots)"
"HC-WS-034","2","Workspace engineer","Workspace: chain & analysis pane","/analyse","Payoff Diagram","Empty state 'No strategy yet · Hover a chain row and press B / S, or load a template from the Builder' with a ghost chart and the spot marker","working","no","unit (pricing) · e2e (Playwright)","Shown when CG.analyse.legs has no active legs; tiles show —"
"HC-WS-035","2","Workspace engineer","Workspace: chain & analysis pane","/analyse","Payoff Diagram","Legend toggles: At expiry (ink line) · On <target date> (blue curve); layer chips OI · ±SD · BE · IV −5% · IV +5%","working","no","unit (pricing) · e2e (Playwright)","Clicking a legend item or chip flips the layer (persisted in CG.state.chartLayers)"
"HC-WS-036","2","Workspace engineer","Workspace: chain & analysis pane","/analyse","Payoff Diagram","Zoom controls − 100% + (50% … 300%), click the percentage to reset","working","no","e2e (Playwright)","Rescales the x-axis range (spot ± 20% / zoom) and the target-price slider range; persisted in CG.state.chartZoom"
"HC-WS-037","2","Workspace engineer","Workspace: chain & analysis pane","/analyse","Payoff Diagram","Layers popover: At-expiry P&L line · Target-date P&L curve · Profit / loss fill · Open interest bars · ±1σ expected-move band · Breakeven markers · IV −5% curve · IV +5% curve","working","no","unit (pricing) · e2e (Playwright)","Checkbox list in a CG.menu popover; each toggle re-renders the SVG; persisted in CG.state.chartLayers"
"HC-WS-038","2","Workspace engineer","Workspace: chain & analysis pane","/analyse","Payoff Diagram","Expected-move band: ±1σ shaded band on the chart with dashed edges labelled ""+1σ 85.1k"" / ""−1σ 73.9k"" (replaces the v1 -2SD…+2SD header row)","working","no","unit (pricing) · e2e (Playwright)","σ = spot × ATM IV × √(days/365) for the target date or expiry"
"HC-WS-039","2","Workspace engineer","Workspace: chain & analysis pane","/analyse","Payoff Diagram","SVG payoff chart in the direction-a style: ink at-expiry line, blue target-date curve, green/red fills, faint grid, $ axis, max profit / max loss tags at the plateaus, amber spot marker","working","no","unit (pricing) · e2e (Playwright)","Rendered from CG.analyze(points 201) over the zoomed price range; re-renders on ticks, legs, sliders, layers, theme and resize"
"HC-WS-040","2","Workspace engineer","Workspace: chain & analysis pane","/analyse","Payoff Diagram","Breakeven dashed verticals labelled 'BE 81,454'","working","no","unit (pricing) · e2e (Playwright)","One dashed line + label per breakeven inside the visible range (layer 'Breakevens')"
"HC-WS-041","2","Workspace engineer","Workspace: chain & analysis pane","/analyse","Payoff Diagram","Spot marker: amber dashed hairline with the 'SPOT 79,521' tag at the top of the chart (the only accent colour on the chart)","working","no","unit (pricing) · e2e (Playwright) · security","Drawn at the live futures price; the pill sits above the plot area"
"HC-WS-042","2","Workspace engineer","Workspace: chain & analysis pane","/analyse","Payoff Diagram","Faint open-interest bars per strike (call + put combined) along the bottom of the chart with a tooltip per bar","working","no","e2e (Playwright)","Bars from CG.chain(asset, expiry) rows inside the visible range, scaled to 40% of the plot height; hover title shows strike and OI"
"HC-WS-043","2","Workspace engineer","Workspace: chain & analysis pane","/analyse","Payoff Diagram","±1σ band with dashed edges (see the expected-move band entry)","working","no","e2e (Playwright)","Layer ""sd""; the ±2σ guides of v1 were dropped in favour of the labelled ±1σ band"
"HC-WS-044","2","Workspace engineer","Workspace: chain & analysis pane","/analyse","Payoff Diagram","Target-price marker: dashed blue line, dot on the target-date curve and a '+$1.7 @ 81,921' label; clicking the chart sets the target price","working","no","e2e (Playwright)","AN.targetPrice; emits analyse:target"
"HC-WS-045","2","Workspace engineer","Workspace: chain & analysis pane","/analyse","Payoff Diagram","Hover crosshair with tooltip '16 Sep @ 82,879 +4.2% · +$2.28 · exp +$5.33'","working","no","unit (pricing) · e2e (Playwright) · security","mousemove over the plot snaps to the nearest sample, moves the crosshair + dots on both curves and positions an HTML tooltip; survives live re-renders"
"HC-WS-046","2","Workspace engineer","Workspace: chain & analysis pane","/analyse","Payoff Diagram","Spot-zone readout ('Spot now ✓ profit zone / ✗ loss zone') in the Analytics strip (replaces the v1 chart footer)","working","no","unit (pricing) · e2e (Playwright)","P&L at spot at expiry from CG.analyze"
"HC-WS-047","2","Workspace engineer","Workspace: chain & analysis pane","/analyse","Payoff Diagram","Target price slider: '− 81,900 +3.0% +' value, amber SPOT tick on the track, fill, knob and five price ticks","working","no","unit (pricing) · e2e (Playwright)","Hidden native range over a custom track; steps move by 1/5 of the strike step; range follows the zoom"
"HC-WS-048","2","Workspace engineer","Workspace: chain & analysis pane","/analyse","Payoff Diagram","Target date slider: 'Today · 06 Sep · 19d left' / 'Wed 16 Sep · 9d left', ‹ › day steps, ticks Today · mid dates · Expiry","working","no","e2e (Playwright)","AN.targetDays 0…max DTE of the legs; legend and tooltips show the chosen date"
"HC-WS-049","2","Workspace engineer","Workspace: chain & analysis pane","/analyse","Payoff Diagram","Automatic re-rendering on price ticks, leg changes, asset / expiry / currency / lot-size changes, density, theme and pane resize","working","no","e2e (Playwright)","CG.on('tick' | 'analyse:legs-changed' | 'asset' | 'currency-settings-changed'), window resize and a ResizeObserver on the chart host"
"HC-WS-050","2","Workspace engineer","Workspace: chain & analysis pane","/analyse","Payoff · Analytics strip","Max profit with ROI → 'Max ROI 6% on margin' in the Analytics strip under the tiles (merged from the v1 Analytics tab)","working","no","unit (pricing) · e2e (Playwright)","ROI = max profit / margin; ∞ when unlimited"
"HC-WS-051","2","Workspace engineer","Workspace: chain & analysis pane","/analyse","Payoff · Analytics strip","Max loss as % of capital → 'Margin $94 · risk 5%' in the Analytics strip","working","no","unit (pricing) · e2e (Playwright) · api contract","Loss % = |max loss| / required margin; 'Unlimited' when infinite"
"HC-WS-052","2","Workspace engineer","Workspace: chain & analysis pane","/analyse","Payoff · Analytics strip","Expected required margin → 'Margin $94.38' in the Analytics strip and 'Margin est.' in the greeks strip","working","no","unit (pricing) · e2e (Playwright)","CG.analyze(...).margin"
"HC-WS-053","2","Workspace engineer","Workspace: chain & analysis pane","/analyse","Payoff · Analytics strip","Breakeven points → Breakeven tile ('79,966 · +0.6% from spot', or two values) plus 'Spot now ✓/✗ zone' in the strip","working","no","unit (pricing) · e2e (Playwright) · security","Title switches Point/Points by count; zone from the expiry P&L at the live spot"
"HC-WS-054","2","Workspace engineer","Workspace: chain & analysis pane","/analyse","Payoff · Analytics strip","R/R with grade → 'R:R 1.15 balanced' (✓ favorable ≥2 / balanced ≥1 / high risk / unlimited exposure) in the strip and the R : R tile","working","no","e2e (Playwright)","rewardRisk from CG.analyze; unlimited profit shows 'Unlimited', unlimited loss shows 'Unlimited exposure'"
"HC-WS-055","2","Workspace engineer","Workspace: chain & analysis pane","/analyse","Payoff · Analytics strip","Probability of profit with grade → 'POP 47.7% moderate' (✓ high ≥60 / moderate ≥40 / low) in the strip and the POP tile","working","no","unit (pricing) · e2e (Playwright)","Lognormal POP from CG.analyze (green ≥50%, red below)"
"HC-WS-056","2","Workspace engineer","Workspace: chain & analysis pane","/analyse","Payoff · Analytics strip","Win if price → 'Win if > 79,966' / '77,660 – 81,341' / '< a or > b' / 'any price' in the strip","working","no","unit (pricing) · e2e (Playwright)","Derived from the breakevens and the sign of the expiry P&L on each side"
"HC-WS-057","2","Workspace engineer","Workspace: chain & analysis pane","/analyse","Payoff · Analytics strip","Net premium → 'Net debit $4.66 · 465.8 / BTC' tile (credit / debit label switches)","working","no","unit (pricing) · e2e (Playwright)","Signed net premium from CG.analyze"
"HC-WS-058","2","Workspace engineer","Workspace: chain & analysis pane","/analyse","Payoff · Analytics strip","Max ROI → 'Max ROI 6% on margin' in the strip","working","no","unit (pricing) · e2e (Playwright)","Max profit / required margin (Unlimited when infinite)"
"HC-WS-059","2","Workspace engineer","Workspace: chain & analysis pane","/analyse","Greeks","Greeks tab tiles: Total Delta (directional exposure) · Total Gamma (Δ change per $1) · Total Theta ($/day) · Total Vega ($ per 1% IV), hairline-separated","working","no","unit (pricing) · e2e (Playwright)","Values from CG.analyze(...).greeks: delta 4dp (coloured by sign), gamma 6dp, theta 4dp (coloured), vega 4dp"
"HC-WS-060","2","Workspace engineer","Workspace: chain & analysis pane","/analyse","Greeks","Leg-wise Greeks table: BUY/SELL · strike C/P · expiry, Lots, IV, Δ, Γ, Θ/day, ν and a 'Portfolio total' row","working","no","unit (pricing) · e2e (Playwright)","Per-leg Black-76 greeks × lots × lot size × side sign; totals match the tiles"
"HC-WS-061","2","Workspace engineer","Workspace: chain & analysis pane","/analyse","Greeks","'Understanding Greeks' explanations for Delta, Gamma, Theta and Vega","static","no","unit (pricing) · visual (screenshot diff)","Static explanatory cards (Delta and Gamma/Vega texts as in the original)"
"HC-WS-062","2","Workspace engineer","Workspace: chain & analysis pane","/analyse","Ladder","Ladder tab: P&L by underlying price with columns Price · Change from spot · At expiry · On <target date> · Status (profit / loss / breakeven / spot pills)","working","no","unit (pricing) · e2e (Playwright)","Rows every step from −20% to +20% around spot; the spot row is highlighted amber and breakeven rows are inserted (dashed); sticky header; auto-scrolls to spot"
"HC-WS-063","5","Workspace engineer","Workspace: chain & analysis pane","/analyse","Analyse workspace","Shared workspace state CG.analyse {legs, name, strategyId, asset, expiry, targetDays, targetPrice, mode, stats, setExpiry(), setRightTab(), findDelta()} and events analyse:addLeg / analyse:legs-changed / analyse:tab / analyse:set-tab / analyse:right-tab / analyse:expiry / analyse:target / analyse:stats","working","no","unit (pricing) · e2e (Playwright)","State object created here; leg mutations belong to the trading part (chain only emits analyse:addLeg, with a local fallback); the right pane re-renders on analyse:legs-changed and on every tick"
"HC-WS-064","5","Workspace engineer","Workspace: chain & analysis pane","/analyse","Analyse workspace","Tab count pills: Builder = active legs, Paper / Live = strategy counts, Journal = closed strategies","working","yes","unit (pricing) · e2e (Playwright) · security","renderCounts() on analyse:legs-changed / analyse:strategies-changed; pills hide at 0"
"HC-WS-065","5","Workspace engineer","Workspace: chain & analysis pane","/analyse","Analyse workspace","Pane collapse buttons ‹ › give either pane the full width; a ⋮ handle restores both","working","yes","unit (pricing) · e2e (Playwright)","CG.state.analyseCollapse = left | right | """"; the chart re-renders to the new width"
"HC-WS-066","5","Workspace engineer","Workspace: chain & analysis pane","/analyse","Analyse workspace","Density: comfortable rows (36px) / compact rows (28px) for the chain and the ladder","working","yes","e2e (Playwright)","root[data-density] follows CG.state.density and CG.on('density')"
"HC-WS-067","5","Workspace engineer","Workspace: chain & analysis pane","/analyse","Analyse workspace","Tab-bar micro info: 'Lot 0.001 BTC · Basis mark' (left) and 'Bull Call Spread · 25 Sep · 20 lots' (right)","working","yes","e2e (Playwright)","Rebuilt on legs / lot-size / basis changes"
"HC-WS-068","5","Workspace engineer","Workspace: chain & analysis pane","/analyse","Analyse workspace","Header stats feed: CG.emit('analyse:stats', {atmIv, ivRank, ivPercentile, expectedMove, expiry, spot, pcr, maxPain, skew25}) on show, expiry, asset and every tick; also stored in CG.analyse.stats","working","yes","unit (pricing) · e2e (Playwright)","Consumed by the chrome header (ATM IV · IV rank · expected move)"
"HC-WS-069","5","Workspace engineer","Workspace: chain & analysis pane","/analyse","Analyse workspace","Command palette commands: Switch expiry → <date> (one per expiry), Load template → <name> (skipped when the trading module registers its own), Toggle chain Greeks, Find strike by delta…, Share strategy link, Analyse → <tab>","working","yes","unit (pricing) · e2e (Playwright)","CG.palette.register({id,label,group:""Analyse"",keywords,run}) guarded; commands navigate to /analyse first when needed"
"HC-WS-070","5","Workspace engineer","Workspace: chain & analysis pane","/analyse","Analyse workspace","Keyboard shortcuts listed in the ? help: J / K, ↑ / ↓, B / S, Shift+B / Shift+S, E / Shift+E, Enter","working","yes","e2e (Playwright)","CG.shortcuts.register(key, description, handler, {group:""Analyse workspace""}) with a document fallback when the registry is absent"
"HC-WS-071","5","Workspace engineer","Workspace: chain & analysis pane","/analyse","Options chain","Mirrored column order: Δ · OI · Bid/IV · Mark/IV · Ask/IV | Strike | Ask/IV · Mark/IV · Bid/IV · OI · Δ (price triplet inboard, Δ and OI outboard) with Δ visible by default at 2dp","working","yes","unit (pricing) · e2e (Playwright) · api contract · security","DEFAULT_ORDER / ESSENTIALS in the column model; column settings still reorder from the strike outward"
"HC-WS-072","5","Workspace engineer","Workspace: chain & analysis pane","/analyse","Options chain","Strike range control ±6 / ±12 / all in the chain toolbar","working","yes","e2e (Playwright)","CG.state.chainRange; the header hint and footer count follow"
"HC-WS-073","5","Workspace engineer","Workspace: chain & analysis pane","/analyse","Options chain","Greeks expand toggle adds Γ Θ ν columns next to Δ on both sides","working","yes","unit (pricing) · e2e (Playwright)","setGreeksCols() edits the column state (persisted) and re-renders; chip state mirrors the columns"
"HC-WS-074","5","Workspace engineer","Workspace: chain & analysis pane","/analyse","Options chain","Find strike by Δ chips (10Δ · 16Δ · 25Δ · 50Δ): scrolls to the call and put strikes nearest that delta, pulses both rows, highlights the call strike and toasts the pair","working","yes","unit (pricing) · e2e (Playwright)","nearestDelta() over the full chain; widens the strike range when the hits fall outside it; the palette command opens a dialog with a custom Δ input"
"HC-WS-075","5","Workspace engineer","Workspace: chain & analysis pane","/analyse","Options chain","Spot hairline between the two strikes bracketing spot with a 'SPOT 79,521' tag; ATM row as a single amber band","working","yes","e2e (Playwright)","A zero-height spot row is inserted after the last strike ≤ spot and moves on ticks; the neighbouring strike cells get extra padding so the tag never covers a label"
"HC-WS-076","5","Workspace engineer","Workspace: chain & analysis pane","/analyse","Options chain","Row height 36px (28px compact), IV 1dp under 1dp prices, Δ 2dp, OI integers with thousands separators","working","yes","unit (pricing) · e2e (Playwright)","Fixed precision per column"
"HC-WS-077","5","Workspace engineer","Workspace: chain & analysis pane","/analyse","Options chain","Two-line expiry chips '25 Sep / 21d' with an amber dot on expiries that hold legs; scroll arrows appear only on overflow","working","yes","e2e (Playwright)","Behaves as in the v2 mock."
"HC-WS-078","5","Workspace engineer","Workspace: chain & analysis pane","/analyse","Options chain","Keyboard highlight row (amber outline) also shows the B / S controls; hovering another row moves the highlight","working","yes","e2e (Playwright)","tr.hl styling; hover sync keeps mouse and keyboard in step"
"HC-WS-079","5","Workspace engineer","Workspace: chain & analysis pane","/analyse","Options chain","Header group row hints: ""ITM shaded · strikes ±12"" and ""Δ per contract""","working","yes","e2e (Playwright)","Behaves as in the v2 mock."
"HC-WS-080","5","Workspace engineer","Workspace: chain & analysis pane","/analyse","Options chain","Footer additions: Skew 25Δ (IV put − IV call at 25Δ) and Fwd (from ATM put-call parity)","working","yes","unit (pricing) · e2e (Playwright)","Behaves as in the v2 mock."
"HC-WS-081","5","Workspace engineer","Workspace: chain & analysis pane","/analyse","Payoff","Analytics strip under the tiles (merged Analytics tab): POP with grade · R:R with grade · Max ROI · Margin with risk % · Win if · Spot now zone","working","yes","unit (pricing) · e2e (Playwright)","Wraps to a second line on narrow panes"
"HC-WS-082","5","Workspace engineer","Workspace: chain & analysis pane","/analyse","Payoff","Chart restyled to the reference: ink expiry line, blue target curve, green/red fills, amber SPOT tag + dashed hairline, ±1σ dashed edges with labels, faint OI bars, BE labels, max profit / max loss tags","working","yes","e2e (Playwright)","Behaves as in the v2 mock."
"HC-WS-083","5","Workspace engineer","Workspace: chain & analysis pane","/analyse","Payoff","IV −5% and IV +5% layers: dashed blue target-date curves computed with CG.analyze(legs, asset, {ivShift:±0.05})","working","yes","unit (pricing) · e2e (Playwright)","Chips + layers popover; persisted in CG.state.chartLayers"
"HC-WS-084","5","Workspace engineer","Workspace: chain & analysis pane","/analyse","Payoff","Target marker '+$1.7 @ 81,921' on the curve; clicking the chart sets the target price","working","yes","e2e (Playwright)","setTargetPrice(price, true)"
"HC-WS-085","5","Workspace engineer","Workspace: chain & analysis pane","/analyse","Payoff","Sliders restyled: custom track with fill, knob, amber SPOT tick with label, five price ticks; date ticks Today · mid dates · Expiry","working","yes","unit (pricing) · e2e (Playwright)","Behaves as in the v2 mock."
"HC-WS-086","5","Workspace engineer","Workspace: chain & analysis pane","/analyse","Payoff","Net greeks strip under the sliders: Net Δ · Net Γ · Net Θ / day · Net ν / 1% IV · Margin est. · 'USD per strategy · 20 lots · mark basis'","working","yes","unit (pricing) · e2e (Playwright)","Behaves as in the v2 mock."
"HC-WS-087","5","Workspace engineer","Workspace: chain & analysis pane","/analyse","Payoff","Tooltip format '16 Sep @ 82,879 +4.2% · +$2.28 · exp +$5.33'","working","yes","e2e (Playwright)","Behaves as in the v2 mock."
"HC-WS-088","5","Workspace engineer","Workspace: chain & analysis pane","/analyse","Scenarios","Price × date P&L matrix: rows −10% … +10% in 2% steps (or ±20% in 4% steps), columns today · +25% · +50% · +75% · expiry−1d · expiry, cells shaded by magnitude with mono values","working","yes","unit (pricing) · e2e (Playwright)","Each cell = CG.analyze(…, {targetDays, spot, min:S, max:S}).pnlTarget; rows carry a SPOT label"
"HC-WS-089","5","Workspace engineer","Workspace: chain & analysis pane","/analyse","Scenarios","Mode toggle P&L | Δ | Θ re-computes the grid as position delta or theta per day at each price × date","working","yes","unit (pricing) · e2e (Playwright)","positionGreeksAt(legs, S, daysElapsed, ivShift) re-prices every leg with Black-76"
"HC-WS-090","5","Workspace engineer","Workspace: chain & analysis pane","/analyse","Scenarios","IV shift slider −20% … +20% re-computes the grid through CG.analyze(…, {ivShift})","working","yes","unit (pricing) · e2e (Playwright)","Debounced; persisted in CG.state.scnIv"
"HC-WS-091","5","Workspace engineer","Workspace: chain & analysis pane","/analyse","Scenarios","Target cell (nearest to the slider target price and date) is outlined; its row / column headers are emphasised; clicking a cell sets the target price and date","working","yes","e2e (Playwright)","Round-trips through setTargetPrice / setTargetDays"
"HC-WS-092","5","Workspace engineer","Workspace: chain & analysis pane","/analyse","Scenarios","Smooth toggle renders the same grid as a bilinearly interpolated canvas heat field with column separators, dashed zero (breakeven) contour, amber spot line and the target outline","working","yes","unit (pricing) · e2e (Playwright)","ImageData interpolation between cell centres; colours read from the theme tokens so both themes work"
"HC-WS-093","5","Workspace engineer","Workspace: chain & analysis pane","/analyse","Scenarios","Hover tooltip on cells and on the canvas ('81,129 · 16 Sep · +1.1'; canvas values are interpolated)","working","yes","e2e (Playwright)","Behaves as in the v2 mock."
"HC-WS-094","5","Workspace engineer","Workspace: chain & analysis pane","/analyse","Vol","Smile · <expiry>: mark IV across the 41 strikes with the strategy's strikes as amber dots, spot hairline, ATM IV and 25Δ skew readout","working","yes","unit (pricing) · e2e (Playwright)","From CG.chain(asset, expiry); re-renders on expiry changes"
"HC-WS-095","5","Workspace engineer","Workspace: chain & analysis pane","/analyse","Vol","Term structure: ATM IV per expiry across CG.EXPIRIES as bars (active expiry amber, click a bar to switch expiry) with contango / backwardation note","working","yes","unit (pricing) · e2e (Playwright)","Behaves as in the v2 mock."
"HC-WS-096","5","Workspace engineer","Workspace: chain & analysis pane","/analyse","Vol","IV rank (1y): rank, percentile, current, 1y low / high on a gauge with an interpretation line","working","yes","unit (pricing) · e2e (Playwright)","Generated 365-day ATM IV history (mean-reverting log process seeded per asset, pinned to the current ATM IV)"
"HC-WS-097","5","Workspace engineer","Workspace: chain & analysis pane","/analyse","Vol","Realised vs implied: 30-day realised vol (from a generated price series) vs the ATM IV history over 365 days, with the IV − RV spread","working","yes","unit (pricing) · e2e (Playwright)","Behaves as in the v2 mock."
"HC-WS-098","5","Workspace engineer","Workspace: chain & analysis pane","/analyse","Structure","Max pain: amber marker + label over call / put OI bars per strike (±12 around ATM) with spot hairline and strategy-strike ticks","working","yes","unit (pricing) · e2e (Playwright)","Max pain = strike minimising Σ call OI × max(K − Ki, 0) + put OI × max(Ki − K, 0)"
"HC-WS-099","5","Workspace engineer","Workspace: chain & analysis pane","/analyse","Structure","Put / call ratio for open interest and 24h volume with call/put share bars and a positioning note","working","yes","e2e (Playwright)","Behaves as in the v2 mock."
"HC-WS-100","5","Workspace engineer","Workspace: chain & analysis pane","/analyse","Structure","Gamma exposure (GEX) profile: Σ γ × OI × lot × spot² × 1% per strike (calls +, puts −) as signed bars with a zero line, net GEX and the gamma-flip strike","working","yes","unit (pricing) · e2e (Playwright)","Behaves as in the v2 mock."
"HC-WS-101","5","Workspace engineer","Workspace: chain & analysis pane","/analyse","Greeks","Position Δ and Θ across the price axis: two small charts (re-pricing every leg at 49 prices ±20% around spot on the target date) with strike dots and the spot hairline","working","yes","e2e (Playwright)","Behaves as in the v2 mock."
"HC-WS-102","5","Workspace engineer","Workspace: chain & analysis pane","/analyse","Greeks","Greeks tab restyled: hairline tiles, mono table (Θ and ν in currency), compact explanations","working","yes","unit (pricing) · e2e (Playwright)","Behaves as in the v2 mock."
"HC-WS-103","5","Workspace engineer","Workspace: chain & analysis pane","/analyse","Ladder","Step selector (250 / 500 / 1000 for BTC; ½× / 1× / 2× the strike step for other assets)","working","yes","e2e (Playwright)","CG.state.ladderStep"
"HC-WS-104","5","Workspace engineer","Workspace: chain & analysis pane","/analyse","Ladder","'At expiry' and 'On <target date>' P&L columns, 'Change from spot', status pills; spot row highlighted amber; breakeven rows inserted; sticky header; auto-scroll to spot","working","yes","unit (pricing) · e2e (Playwright)","Behaves as in the v2 mock."
"HC-WS-105","5","Workspace engineer","Workspace: chain & analysis pane","/analyse","Share","Share button in the pane header copies a link (origin + path + #/s/<base64url {a, l:[[type,side,strike,expiry,lots,price]…], n}>) and opens a dialog with the link, Copy button, legs and max profit / loss / POP","working","yes","unit (pricing) · e2e (Playwright)","navigator.clipboard with an execCommand fallback; toasts ""Link copied"""
"HC-WS-106","5","Workspace engineer","Workspace: chain & analysis pane","/analyse","Share","/s/:code route (no auth): decodes the link, loads the legs into CG.analyse, toasts ""Strategy loaded from link"" and navigates to /analyse; logged-out visitors get a preview card (legs, max profit / loss, POP) with ""Open in Analyse"" and ""Sign in""; invalid codes show an error card","working","yes","unit (pricing) · e2e (Playwright)","Registered as <section data-route=""/s/:code"" data-title=""Shared strategy"">"
"HC-WS-107","1","Workspace engineer","Workspace: chain & analysis pane","/analyse","Analyse workspace","Phase 1 live chain shell: expiries discovered from the gateway (fallback list only when it exposes none); the chain lists exactly the strikes the venue instrument list holds for the selected expiry, marks the ATM row and shows FEED LIVE / stale from the gateway sequence numbers","working","no","unit (pricing) · e2e (Playwright) · security","apps/web ChainPanel + ChainTable over the gateway reducer; strikes never come from a fixed step (ADR-006)"
"HC-WS-108","1","Workspace engineer","Workspace: chain & analysis pane","/analyse","Analyse workspace","Phase 1 chain rows: strike, call and put marks from the coalesced gateway deltas, one row per venue strike (no synthetic strikes, no gaps filled)","working","no","unit (pricing) · e2e (Playwright)","ChainTable renders the reducer state; q frames patch only changed fields"
"HC-WS-109","5","Workspace engineer","Workspace: chain & analysis pane","/analyse","Payoff Diagram","Multi-expiry positions (calendars, diagonals) value their expiry figures at the nearest expiry","working","yes","unit (pricing) · e2e (Playwright)","When the option legs span more than one expiry the payoff pane values max profit, max loss, break-evens and POP at the nearest expiry with the later legs keeping their time value (the calendar convention); the strip says “Expiry figures on <date> · later legs keep time value”; a settled expiry is skipped; single-expiry positions keep the exact intrinsic curve; two legs across expiries are named Call / Put Calendar (same strike) or Diagonal; the built-in calendar templates take their far leg from the next listed expiry’s chain (its strike and mark used to come from the near chain)"
"HC-TR-001","2","Trading engineer","Builder, paper & live trading, journal","/analyse","Analyse · Strategy panel (Builder)","Strategy panel sub-tabs: Builder | Templates","working","no","e2e (Playwright)","Two line-tabs at the top of the Strategy left-pane panel; switch the visible sub-view (data-tour builder-tab / templates-tab)"
"HC-TR-002","2","Trading engineer","Builder, paper & live trading, journal","/analyse","Analyse · Strategy panel (Builder)","Strategy Legs card header with asset chip and leg count","working","no","e2e (Playwright)","Card title 'Strategy Legs' + current asset badge + 'N legs' counter, wrapped in data-tour=""strategy-legs"""
"HC-TR-003","3","Trading engineer","Builder, paper & live trading, journal","/analyse","Analyse · Strategy panel (Builder)","Price-mode toggle 'Live price' ↔ 'Custom price'","working","no","unit (pricing) · e2e (Playwright) · security","Pill button toggles CG.analyse.mode; live mode re-quotes every leg from CG.quote on each tick (cells flash, title 'Price updated by live feed'); custom mode turns the Price column into editable inputs (title 'Click to edit custom price'). Tooltips: 'Live prices from Delta Exchange (auto-updated). Paper trade will use these prices.' / 'Static/custom prices (editable). Paper trade will use your entered prices.'; shows 'Connecting...' when the live feed is off"
"HC-TR-004","2","Trading engineer","Builder, paper & live trading, journal","/analyse","Analyse · Strategy panel (Builder)","Basket switch","working","no","e2e (Playwright)","Switch with tooltip 'Basket on: quantity and custom-price changes apply to every leg' / 'Basket off: each leg keeps its own quantity and price'; when on, a qty or custom-price edit on one leg is applied to all legs"
"HC-TR-005","2","Trading engineer","Builder, paper & live trading, journal","/analyse","Analyse · Strategy panel (Builder)","New button","working","no","e2e (Playwright)","Resets the builder (legs, name, edited strategy, price mode) and toasts 'New strategy'"
"HC-TR-006","2","Trading engineer","Builder, paper & live trading, journal","/analyse","Analyse · Strategy panel (Builder)","Clear button","working","no","e2e (Playwright)","Removes all legs (toast 'Cleared'); toasts 'No legs · Nothing to clear' when empty"
"HC-TR-007","2","Trading engineer","Builder, paper & live trading, journal","/analyse","Analyse · Strategy panel (Builder)","Strategy name input 'Strategy name...'","working","no","e2e (Playwright)","Bound to CG.analyse.name; typing marks the strategy dirty; shows the status badge + id of the strategy being edited"
"HC-TR-008","2","Trading engineer","Builder, paper & live trading, journal","/analyse","Analyse · Strategy panel (Builder)","Legs table columns Side / Type / Strike / Expiry / Qty / Unit / Price / Action","working","no","unit (pricing) · e2e (Playwright) · security","Rendered from CG.analyse.legs; Strike carries an (ATM)/(ITM)/(OTM) tag computed against the live spot; Expiry shows the contract code or 'Perpetual' for futures; Unit is LOTS"
"HC-TR-009","2","Trading engineer","Builder, paper & live trading, journal","/analyse","Analyse · Strategy panel (Builder)","Side badge click toggles BUY ↔ SELL","working","no","unit (pricing) · e2e (Playwright)","Clicking the BUY/SELL badge flips the leg side and emits analyse:legs-changed; disabled (with tooltip) on legs of an already-active strategy"
"HC-TR-010","3","Trading engineer","Builder, paper & live trading, journal","/analyse","Analyse · Strategy panel (Builder)","Type badge CALL / PUT / FUTURE + ADJUSTMENT badge + Closed badge","working","no","e2e (Playwright)","Coloured type badge; adjustment legs show a purple ADJUSTMENT badge; squared-off legs show 'Closed' and a dimmed row"
"HC-TR-011","2","Trading engineer","Builder, paper & live trading, journal","/analyse","Analyse · Strategy panel (Builder)","Qty input (lots)","working","no","unit (pricing) · e2e (Playwright)","Number input per leg; change updates leg.lots (or every leg when Basket is on), recomputes Net Premium / Margin and emits analyse:legs-changed"
"HC-TR-012","3","Trading engineer","Builder, paper & live trading, journal","/analyse","Analyse · Strategy panel (Builder)","Live price cell (mono) with tick flash","working","no","unit (pricing) · e2e (Playwright) · security","On every CG 'tick' the mark price from CG.quote is written into the cell with a green/red flash animation"
"HC-TR-013","2","Trading engineer","Builder, paper & live trading, journal","/analyse","Analyse · Strategy panel (Builder)","Delete this leg action","working","no","e2e (Playwright)","Trash icon (title 'Delete this leg') removes the leg from the builder"
"HC-TR-014","3","Trading engineer","Builder, paper & live trading, journal","/analyse","Analyse · Strategy panel (Builder)","Square off this leg action (active strategies)","working","no","unit (pricing) · e2e (Playwright) · security","When the builder holds an active PAPER/LIVE strategy the action column shows a square-off icon (title 'Square off this leg') that opens the Square Off Position dialog"
"HC-TR-015","2","Trading engineer","Builder, paper & live trading, journal","/analyse","Analyse · Strategy panel (Builder)","Select from Chain button","working","no","unit (pricing) · e2e (Playwright) · security","Opens the 'Select Option from Chain' modal (title 'Select option from live options chain', data-tour=""add-leg-button""); disabled with title 'Maximum 8 fresh legs reached' / 'Maximum 10 active legs reached' when the limit is hit"
"HC-TR-016","2","Trading engineer","Builder, paper & live trading, journal","/analyse","Analyse · Strategy panel (Builder)","+ Future button (Add Futures Contract)","working","no","e2e (Playwright)","Opens the Add Futures Contract dialog; same leg-limit disabling as Select from Chain; 'Leg limit reached' hint appears when full"
"HC-TR-017","2","Trading engineer","Builder, paper & live trading, journal","/analyse","Analyse · Strategy panel (Builder)","Leg limits: 8 legs for a new strategy, 10 active legs when editing an active one","working","no","unit (pricing) · e2e (Playwright)","T.addLeg / analyse:addLeg enforce the limits and toast 'Limit Reached · Maximum 8 legs allowed for new strategy' or 'Limit Reached · Maximum 10 active legs allowed per strategy'"
"HC-TR-018","2","Trading engineer","Builder, paper & live trading, journal","/analyse","Analyse · Strategy panel (Builder)","Legs added from the options chain (CG event analyse:addLeg)","working","no","e2e (Playwright)","Chain B/S clicks emit analyse:addLeg; the builder normalises the leg (price from CG.quote, symbol, lots), appends it, toasts 'Leg Added' and emits analyse:legs-changed + cg-tour:leg-added"
"HC-TR-019","2","Trading engineer","Builder, paper & live trading, journal","/analyse","Analyse · Strategy panel (Builder)","Footer stats 'Net Premium: +$x Credit / −$x Debit' and 'Margin: $x'","working","no","unit (pricing) · e2e (Playwright)","Computed with CG.analyze on the open legs; refreshed on every tick and every legs change; formatted with CG.fmt.money (INR toggle aware)"
"HC-TR-020","2","Trading engineer","Builder, paper & live trading, journal","/analyse","Analyse · Strategy panel (Builder)","Save Draft / Update button","working","no","e2e (Playwright)","Save Draft opens the Save-as-Draft dialog; when a saved strategy is loaded the button reads 'Update' and saves directly (toast 'Saved'), guarded by 'No changes · No new or modified legs to save' and 'No legs · Add at least one leg'"
"HC-TR-021","2","Trading engineer","Builder, paper & live trading, journal","/analyse","Analyse · Strategy panel (Builder)","Save & trade button","working","no","e2e (Playwright)","Opens the name dialog ('Enter Strategy Name' / Save & Continue), saves the draft, then opens Select Trading Mode for it"
"HC-TR-022","3","Trading engineer","Builder, paper & live trading, journal","/analyse","Analyse · Strategy panel (Builder)","Paper Trade button (primary, data-tour=""paper-trade-button"")","working","no","e2e (Playwright)","Guard 'No legs · Add at least one leg to trade'; if the strategy is unnamed opens 'Enter Strategy Name' first (emits cg-tour:save-dialog-open), then Select Trading Mode (paper preselected) → Trade Preview → start"
"HC-TR-023","3","Trading engineer","Builder, paper & live trading, journal","/analyse","Analyse · Strategy panel (Builder)","Live Trade button","working","no","unit (pricing) · e2e (Playwright) · security","Same flow as Paper Trade with the Live card preselected; live confirm is blocked until the exchange is connected"
"HC-TR-024","2","Trading engineer","Builder, paper & live trading, journal","/analyse","Analyse · Strategy panel (Builder)","Empty state 'No legs added'","working","no","e2e (Playwright)","Icon + 'No legs added' + 'Start building your strategy by adding option or futures legs' + buttons 'Select from Options Chain' and 'USD Future' + 'Or use strategy templates below' (link to the Templates sub-tab)"
"HC-TR-025","2","Trading engineer","Builder, paper & live trading, journal","/analyse","Analyse · Strategy panel (Builder)","Asset switch clears legs after confirmation","confirmed","no","visual (screenshot diff)","Builder state is kept per asset. Switching BTC ↔ ETH ↔ XAUT never clears legs: the header shows a count badge per asset and the builder shows that asset's legs (empty if none). No confirmation dialog is needed because nothing is lost."
"HC-TR-026","2","Trading engineer","Builder, paper & live trading, journal","/analyse","Analyse · Strategy panel (Builder)","Expiry follows the workspace expiry strip","working","no","e2e (Playwright)","CG 'expiry' event updates CG.analyse.expiry and the template expiry select"
"HC-TR-027","2","Trading engineer","Builder, paper & live trading, journal","/analyse","Analyse · Select Option from Chain (modal)","Modal header 'Select Option from Chain' · 'BTC • Spot: $79,521.000' + 'Maximum N legs' badge","working","no","unit (pricing) · e2e (Playwright)","XL modal; spot from CG.ASSETS, refreshed on tick; the max badge shows the remaining leg slots (8 − legs, or 10 − active legs for adjustments)"
"HC-TR-028","2","Trading engineer","Builder, paper & live trading, journal","/analyse","Analyse · Select Option from Chain (modal)","Expiry chips row with ‹ › scroll buttons","working","no","unit (pricing) · e2e (Playwright)","All CG.EXPIRIES as chips; the active chip is blue; clicking re-renders the chain for that expiry; arrows scroll the strip"
"HC-TR-029","3","Trading engineer","Builder, paper & live trading, journal","/analyse","Analyse · Select Option from Chain (modal)","Live / Static toggle","working","no","unit (pricing) · e2e (Playwright) · security","Toggles live refresh of the modal chain on tick; title 'Click to enable live prices' when off"
"HC-TR-030","2","Trading engineer","Builder, paper & live trading, journal","/analyse","Analyse · Select Option from Chain (modal)","Column settings gear","working","no","unit (pricing) · e2e (Playwright)","Opens a dropdown (menu-label 'Column settings') with checkboxes for Mark (Price/IV), Bid (Price/IV) and OI columns on both sides"
"HC-TR-031","2","Trading engineer","Builder, paper & live trading, journal","/analyse","Analyse · Select Option from Chain (modal)","Calls | STRIKE | Puts table (Mark, Bid, OI per side)","working","no","unit (pricing) · e2e (Playwright)","41 strikes from CG.chain: Mark and Bid show price + IV, OI shows compact numbers with proportional background bars (green calls / red puts); ITM cells are tinted; the ATM row is highlighted with an 'ATM' tag; sticky headers; auto-scrolls to ATM"
"HC-TR-032","2","Trading engineer","Builder, paper & live trading, journal","/analyse","Analyse · Select Option from Chain (modal)","B / S buttons per row and side (multi-select)","working","no","e2e (Playwright)","B selects a BUY leg, S a SELL leg; clicking the same button again deselects, clicking the other side switches side; selection is capped at 'Maximum N leg(s)' with toast 'Maximum legs reached'"
"HC-TR-033","2","Trading engineer","Builder, paper & live trading, journal","/analyse","Analyse · Select Option from Chain (modal)","Selected legs list with Qty input and Unit select (LOTS), remove ✕, Clear","working","no","e2e (Playwright)","Each selected leg shows side/type badges, strike, expiry, mark price, 'Qty:' number input and 'Unit' select; Clear empties the selection"
"HC-TR-034","2","Trading engineer","Builder, paper & live trading, journal","/analyse","Analyse · Select Option from Chain (modal)","'Add N Leg(s)' and 'Close' buttons; footer hint","working","no","e2e (Playwright)","Add pushes the selected legs into the builder (or into the adjustment flow) with limit checks and closes the modal; hint 'Click B to Buy or S to Sell • Select multiple legs'"
"HC-TR-035","2","Trading engineer","Builder, paper & live trading, journal","/analyse","Analyse · Add Futures Contract (dialog)","Add Futures Contract dialog","working","no","unit (pricing) · e2e (Playwright) · security","Shows 'USD Future' with the asset future symbol and live spot (updates on tick), Side buttons 'Buy Future' / 'Sell Future', Expiry select (Perpetual + all expiries), Quantity (lots) with lot-size hint, Price and Notional rows, Cancel / Add"
"HC-TR-036","2","Trading engineer","Builder, paper & live trading, journal","/analyse","Analyse · Save dialog","Save as Draft / Enter Strategy Name dialog (data-tour=""save-dialog"")","working","no","e2e (Playwright)","Input 'Strategy name...' (Enter saves, Escape cancels); validation 'Strategy name is required'; buttons Cancel / 'Save Draft' (data-tour=""save-button"") or 'Save & Continue' in the trade flow; creates or updates the entry in CG.mock.strategies with status DRAFT and toasts 'Saved'"
"HC-TR-037","2","Trading engineer","Builder, paper & live trading, journal","/analyse","Analyse · Strategy panel (Templates)","Category chips All / Bullish / Bearish / Neutral / Others","working","no","e2e (Playwright)","Filters the template cards (48 since ADR-060) by category"
"HC-TR-038","2","Trading engineer","Builder, paper & live trading, journal","/analyse","Analyse · Strategy panel (Templates)","Template expiry select","working","no","e2e (Playwright)","Chooses which expiry the template legs are materialised on (defaults to the workspace expiry)"
"HC-TR-039","2","Trading engineer","Builder, paper & live trading, journal","/analyse","Analyse · Strategy panel (Templates)","Template cards (48 since ADR-060) with payoff sketch","working","no","unit (pricing) · e2e (Playwright)","Each card draws a small SVG payoff (CG.analyze at expiry, or the target-date curve for calendars) coloured by category, plus name and category label; title tooltip shows the description"
"HC-TR-040","2","Trading engineer","Builder, paper & live trading, journal","/analyse","Analyse · Strategy panel (Templates)","Template click loads legs into the Builder","working","no","e2e (Playwright)","CG.analyse.legs = CG.templateLegs(tpl, asset, expiry), name = template name, switches to Builder and toasts 'Strategy · Loaded strategy: <name>'"
"HC-TR-041","2","Trading engineer","Builder, paper & live trading, journal","/analyse","Analyse · Strategy panel (Templates)","My Templates: Draft Strategies | Archived Strategies toggle","working","no","unit (pricing) · e2e (Playwright)","Line-tabs switch the list between CG.mock.strategies with status DRAFT and ARCHIVED"
"HC-TR-042","2","Trading engineer","Builder, paper & live trading, journal","/analyse","Analyse · Strategy panel (Templates)","Search 'Search draft strategies...' / 'Search archived strategies...' with clear ✕","working","no","unit (pricing) · e2e (Playwright)","Filters by name, asset or template name; ✕ clears"
"HC-TR-043","2","Trading engineer","Builder, paper & live trading, journal","/analyse","Analyse · Strategy panel (Templates)","Refresh strategies button","working","no","unit (pricing) · e2e (Playwright)","Recalculates P&L and re-renders; toast 'Refreshed · Strategy data has been updated'"
"HC-TR-044","2","Trading engineer","Builder, paper & live trading, journal","/analyse","Analyse · Strategy panel (Templates)","Saved strategy card (name, 'Draft' / 'Archived' badge, asset, N legs, template, created/closed date, realized P&L for archived)","working","no","unit (pricing) · e2e (Playwright) · security","Rendered from CG.mock.strategies; archived cards also show whether they were Paper or Live"
"HC-TR-045","2","Trading engineer","Builder, paper & live trading, journal","/analyse","Analyse · Strategy panel (Templates)","Load action","working","no","e2e (Playwright)","Loads the strategy legs into the Builder (edit mode → button reads Update) and toasts 'Loaded strategy: <name>'; 'No legs' toast if the strategy has none"
"HC-TR-046","2","Trading engineer","Builder, paper & live trading, journal","/analyse","Analyse · Strategy panel (Templates)","Activate action (drafts)","working","no","unit (pricing) · e2e (Playwright) · security","Opens Select Trading Mode for the draft; on confirm the strategy becomes PAPER or LIVE with toast 'Paper/Live Trading Started · Trading <name> on Delta Exchange India'"
"HC-TR-047","2","Trading engineer","Builder, paper & live trading, journal","/analyse","Analyse · Strategy panel (Templates)","Archive action (drafts)","confirmed","no","unit (pricing) · visual (screenshot diff)","Drafts can be archived from the list; the toast offers Undo for 8 seconds; archived strategies list a Restore action. Archive is a soft state, never a delete."
"HC-TR-048","2","Trading engineer","Builder, paper & live trading, journal","/analyse","Analyse · Strategy panel (Templates)","Delete action with confirm","working","no","e2e (Playwright)","Confirm 'Delete Strategy · Are you sure you want to delete <name>? This action cannot be undone.' → removes from CG.mock.strategies, toast 'Deleted'"
"HC-TR-049","2","Trading engineer","Builder, paper & live trading, journal","/analyse","Analyse · Strategy panel (Templates)","Empty states","working","no","unit (pricing) · e2e (Playwright)","'No draft strategies · Create a strategy to see it here' and 'No archived strategies · Archived strategies will appear here'; 'No matching strategies' when a search has no hits"
"HC-TR-050","3","Trading engineer","Builder, paper & live trading, journal","/analyse","Analyse · Select Trading Mode (dialog)","Mode cards 'Paper · Simulated' and 'Live · Real Money' (data-tour=""trade-modal"")","working","no","unit (pricing) · e2e (Playwright) · security","Click selects the mode; Paper is disabled for 'Trade All → Live' and 'Go Live' flows"
"HC-TR-051","2","Trading engineer","Builder, paper & live trading, journal","/analyse","Analyse · Select Trading Mode (dialog)","Exchange select 'Select exchange...'","working","no","unit (pricing) · e2e (Playwright)","Lists CG.mock.brokers as 'Delta Exchange India · Fee 0.05% · GST 18% · Cap 10%'; default broker preselected; validation 'Please select an exchange'"
"HC-TR-052","2","Trading engineer","Builder, paper & live trading, journal","/analyse","Analyse · Select Trading Mode (dialog)","Not Connected warning + Open API Settings","working","no","unit (pricing) · e2e (Playwright) · api contract · security","When Live is selected and CG.state.exchangeConnected is false: 'Not Connected · Connect your exchange in Settings → API Settings to enable live trading' with a button calling CG.chrome.openSettings('api') (toast fallback); the confirm button is disabled"
"HC-TR-053","2","Trading engineer","Builder, paper & live trading, journal","/analyse","Analyse · Select Trading Mode (dialog)","Real Money Trading warning","working","no","unit (pricing) · e2e (Playwright) · api contract · security","Red alert 'Real Money Trading · Orders will be placed on Delta Exchange with real funds. Prices may differ from estimates. You may lose money.' shown when Live is selected"
"HC-TR-054","3","Trading engineer","Builder, paper & live trading, journal","/analyse","Analyse · Select Trading Mode (dialog)","Confirm button 'Continue · Paper' / 'Continue · Live' (data-tour=""trade-confirm-button"")","working","no","unit (pricing) · e2e (Playwright) · security","Runs the plan quota check then opens Trade Preview; emits cg-tour:trade-modal-open when the dialog opens"
"HC-TR-055","2","Trading engineer","Builder, paper & live trading, journal","/analyse","Analyse · Select Trading Mode (dialog)","Plan quota check (Upgrade Required)","working","no","unit (pricing) · e2e (Playwright) · security","Compares CG.mock.subscription.usage.paper_trading / live_trading with featureLimits (0 = unlimited); when exceeded calls CG.chrome.upgradeRequired('Paper Trading Limit reached for your plan') or toasts 'Upgrade Required … Subscribe Here → /subscription'; usage counters are incremented on every started trade"
"HC-TR-056","3","Trading engineer","Builder, paper & live trading, journal","/analyse","Analyse · Trade Preview (dialog)","Trade Preview · Review your strategy before trading","working","no","unit (pricing) · e2e (Playwright) · api contract · security","Legs table (Side, Type, Strike, Expiry, Qty, Price), 'Net Premium: Credit/Debit $x', 'Current BTC Price', 'Expected Required Margin', exchange name, red warning for live ('You are about to trade this strategy. Orders will be placed on Delta Exchange. Prices may differ from displayed estimates. Ensure you have sufficient margin.'), Cancel / 'Trade Now →'"
"HC-TR-057","3","Trading engineer","Builder, paper & live trading, journal","/analyse","Analyse · Trade Preview (dialog)","Trade Now → starts the trade","working","no","unit (pricing) · e2e (Playwright) · api contract · security","Unnamed strategies get the 'Enter Strategy Name' dialog first; then the strategy is created/updated in CG.mock.strategies with status PAPER or LIVE (entry = current mark or custom prices, startedAt now, P&L 0, live orders filled), toast 'Paper Trade Started · <name>' or 'Live Orders Placed', builder cleared, left tab switched to Paper/Live Trades and cg-tour:paper-started emitted"
"HC-TR-058","3","Trading engineer","Builder, paper & live trading, journal","/analyse","Analyse · Paper Trades panel","Toolbar: search 'Search paper trades...', Refresh, 'Trade All → Live'","working","no","unit (pricing) · e2e (Playwright) · security","Search filters by name/asset/template; Refresh toasts 'Refreshed · Strategy data has been updated'; Trade All opens Select Trading Mode locked to Live with all paper strategies as a batch (guard 'No legs · Add at least one leg to trade')"
"HC-TR-059","3","Trading engineer","Builder, paper & live trading, journal","/analyse","Analyse · Paper Trades panel","Total P&L summary","working","no","unit (pricing) · e2e (Playwright) · security","Sum of live totalPnl over paper strategies, green/red, with counts of trades and active legs; updated on every tick"
"HC-TR-060","3","Trading engineer","Builder, paper & live trading, journal","/analyse","Analyse · Paper Trades panel","Paper strategy card","working","no","unit (pricing) · e2e (Playwright) · security","Name, 'Paper (hollow pill)' badge, asset chip, N legs, N active, N days (from startedAt), Total P&L (data-tour=""paper-pnl"" on the first card) with Unrealized / Realized small values; live-updated on tick"
"HC-TR-061","3","Trading engineer","Builder, paper & live trading, journal","/analyse","Analyse · Paper Trades panel","Live P&L computation","working","no","unit (pricing) · e2e (Playwright) · security","On each tick every open leg is re-priced with CG.quote (mark, or bid/ask when CG.state.pnlBasis ≠ 'mark'); P&L = (current − entry) × lots × lotSize × (BUY ? 1 : −1); squared-off legs contribute realized P&L"
"HC-TR-062","3","Trading engineer","Builder, paper & live trading, journal","/analyse","Analyse · Paper Trades panel","View Details button","working","no","e2e (Playwright)","Opens the Strategy Details modal"
"HC-TR-063","3","Trading engineer","Builder, paper & live trading, journal","/analyse","Analyse · Paper Trades panel","Go live button","working","no","unit (pricing) · e2e (Playwright) · api contract · security","Opens Select Trading Mode locked to Live for that strategy; on confirm the paper strategy is converted to LIVE with filled orders"
"HC-TR-064","3","Trading engineer","Builder, paper & live trading, journal","/analyse","Analyse · Paper Trades panel","Stop button (data-tour=""paper-stop"")","working","no","e2e (Playwright)","Opens the Stop Paper Trading dialog"
"HC-TR-065","3","Trading engineer","Builder, paper & live trading, journal","/analyse","Analyse · Paper Trades panel","Delete button with confirm","working","no","e2e (Playwright)","'Delete Strategy · Are you sure you want to delete <name>? This action cannot be undone.' → removed from CG.mock.strategies"
"HC-TR-066","3","Trading engineer","Builder, paper & live trading, journal","/analyse","Analyse · Paper Trades panel","Pagination 'Page 1 of 1' with Previous / Next","working","no","e2e (Playwright)","5 strategies per page"
"HC-TR-067","3","Trading engineer","Builder, paper & live trading, journal","/analyse","Analyse · Paper Trades panel","Empty state","working","no","e2e (Playwright)","'No paper trades yet · Click Paper Trade to begin' (or 'No matching paper trades' while searching)"
"HC-TR-068","3","Trading engineer","Builder, paper & live trading, journal","/analyse","Analyse · Strategy Details (modal)","Header 'Strategy Details' + 'Paper (hollow pill)' / 'Live (filled pill, pulsing dot)' badge + asset + template","working","no","unit (pricing) · e2e (Playwright) · security","Hairline header with close ✕; LG modal"
"HC-TR-069","3","Trading engineer","Builder, paper & live trading, journal","/analyse","Analyse · Strategy Details (modal)","Name card with ASSET / LEGS / DAYS tiles","working","no","unit (pricing) · e2e (Playwright)","Days computed from startedAt (closedAt for archived)"
"HC-TR-070","3","Trading engineer","Builder, paper & live trading, journal","/analyse","Analyse · Strategy Details (modal)","'Paper / Live' row with Refresh and Stop (warning outline) / 'Live Trading' row with Square Off All","working","no","unit (pricing) · e2e (Playwright) · security","Refresh recalculates + toasts 'Refreshed'; Stop opens the Stop Paper Trading dialog; live strategies get a destructive Square Off All instead"
"HC-TR-071","3","Trading engineer","Builder, paper & live trading, journal","/analyse","Analyse · Strategy Details (modal)","+ Add Adjustment wide button","working","no","unit (pricing) · e2e (Playwright) · api contract · security","Opens Select Option from Chain with max = 10 − active legs (toast 'Limit Reached' at 10); selected legs are appended flagged isAdjustment (for LIVE strategies the Confirm Adjustment Order dialog is shown first); toast '<n> adjustment leg(s) added successfully'; the builder is synced to the strategy"
"HC-TR-072","3","Trading engineer","Builder, paper & live trading, journal","/analyse","Analyse · Strategy Details (modal)","Partial Exit and Square Off All buttons","working","no","unit (pricing) · e2e (Playwright) · security","Partial Exit opens the Partial Exit dialog; Square Off All confirms and squares off every open leg at current prices (live strategies are archived afterwards, button shows 'Exiting...')"
"HC-TR-073","3","Trading engineer","Builder, paper & live trading, journal","/analyse","Analyse · Strategy Details (modal)","Performance · Live with TOTAL / UNREALIZED / REALIZED","working","no","unit (pricing) · e2e (Playwright) · security","Tiles recomputed on every tick"
"HC-TR-074","3","Trading engineer","Builder, paper & live trading, journal","/analyse","Analyse · Strategy Details (modal)","Tabs 'Active (n)' / 'Squared Off (n)'","working","no","unit (pricing) · e2e (Playwright)","Switch the leg list between open and squared-off legs with counts"
"HC-TR-075","3","Trading engineer","Builder, paper & live trading, journal","/analyse","Analyse · Strategy Details (modal)","ADJUSTMENTS and ORIGINAL LEGS groups with leg cards","working","no","unit (pricing) · e2e (Playwright) · api contract · security","Cards show Adj badge, CALL/PUT, BUY/SELL, order status badge (live), Strike (4 decimals), Qty, Expiry ('25 Sep 26'), 'Entry $x Now y (live dot)' (live), P&L pill (↑/↓), 'Square Off' button; squared-off cards show Exit price and realized P&L"
"HC-TR-076","3","Trading engineer","Builder, paper & live trading, journal","/analyse","Analyse · Strategy Details (modal)","P&L History mini chart","working","no","unit (pricing) · e2e (Playwright)","Inline SVG line/area from strategy.pnlHistory plus the current total, theme-aware colours"
"HC-TR-077","3","Trading engineer","Builder, paper & live trading, journal","/analyse","Analyse · Strategy Details (modal)","Trading Statistics","working","no","e2e (Playwright)","Open Positions, Closed Positions, Total Legs, Days, Realized, Unrealized, Asset, Started"
"HC-TR-078","3","Trading engineer","Builder, paper & live trading, journal","/analyse","Analyse · Strategy Details (modal)","Draft / Archived variant","confirmed","no","unit (pricing) · visual (screenshot diff)","Details of a draft show 'Load in Builder', 'Activate' and 'Duplicate'; details of an archived strategy show 'Load in Builder', 'Restore' and 'Duplicate'; performance is labelled 'Final' only for archived strategies and shows realised P&L, days tracked and the equity curve."
"HC-TR-079","3","Trading engineer","Builder, paper & live trading, journal","/analyse","Analyse · Square Off Position (dialog)","Square Off Position · Close this option leg","working","no","unit (pricing) · e2e (Playwright) · security","Position Details (Type + side, Strike Price, Quantity with lot size, Entry Premium); 'Exit Premium' input (placeholder 'Enter exit premium', or 'Leave empty for market' for live; hint 'Current market price or your desired exit price'); 'Exit Qty (max N)' input for partial square-off; Realized P&L preview (Entry Value, Exit Value, Net P&L) recomputed on input; warning 'This action cannot be undone. The position will be closed and P&L will be realized.'; Cancel / 'Confirm Square Off' ('Closing...') → leg (or a split portion) becomes SQUARED_OFF with exitPremium, toast 'Leg squared off successfully · Leg squared off at $x'"
"HC-TR-080","3","Trading engineer","Builder, paper & live trading, journal","/analyse","Analyse · Partial Exit (dialog)","Partial Exit · Select legs and choose exit percentage","working","no","unit (pricing) · e2e (Playwright)","Checkbox list of active legs with qty → exit qty preview and per-leg 'Exit$' price input (defaults to current); Exit % chips 25/50/75/100 + Custom input; 'Select All' / 'Deselect All'; 'Exit N legs' ('Exiting...') squares off round(qty × %) lots per selected leg (splitting the leg) and toasts 'Partial exit complete'"
"HC-TR-081","3","Trading engineer","Builder, paper & live trading, journal","/analyse","Analyse · Stop Paper Trading (dialog)","Stop Paper Trading · Choose what to do with this strategy","working","no","unit (pricing) · e2e (Playwright) · security","'Stop paper trading for this strategy:' summary card (name, Paper (hollow pill), Live Prices, Asset / Legs / P&L), 'Active Legs' list with live prices and Qty, green '✓ Using Live WebSocket Prices · Current market prices will be used for all legs when stopping' (or 'Connecting to Live Prices · Please wait while we fetch current market prices...' with the confirm disabled as 'Connecting...'), checkbox 'Archive this strategy · Move to archived strategies. Uncheck to keep it active for future use.' with hint texts, Cancel / 'Stop Trading' ('Stopping...') → legs squared off at current prices and status ARCHIVED, or status DRAFT when unchecked; toast 'Paper trading stopped'"
"HC-TR-082","3","Trading engineer","Builder, paper & live trading, journal","/analyse","Analyse · Live Trades panel","Toolbar: search 'Search live trades...', Refresh, exchange connection chip","working","no","unit (pricing) · e2e (Playwright) · security","Search filters live strategies; Refresh toasts 'Refreshed'; chip shows 'exchange connected' / 'exchange not connected' from CG.state.exchangeConnected"
"HC-TR-083","3","Trading engineer","Builder, paper & live trading, journal","/analyse","Analyse · Live Trades panel","Total P&L summary (live)","working","no","unit (pricing) · e2e (Playwright) · security","Sum of LIVE strategies' total P&L with counts of trades and open positions, updated on tick"
"HC-TR-084","3","Trading engineer","Builder, paper & live trading, journal","/analyse","Analyse · Live Trades panel","Live strategy card with 'Live (filled pill, pulsing dot)' badge, batch id and per-leg order status chips","working","no","unit (pricing) · e2e (Playwright) · api contract · security","Chips 'S C 90,000 · filled' / pending / failed / closed per leg from strategy.orders"
"HC-TR-085","3","Trading engineer","Builder, paper & live trading, journal","/analyse","Analyse · Live Trades panel","Failed order banner + 'Retry Failed Orders'","working","no","e2e (Playwright) · api contract · security","'Order placement failed · Retried n time(s)'; Retry shows 'Retrying...' and after 1s flips the failed orders to filled with new order ids and toasts 'Orders placed · Failed legs were submitted successfully.' (seeded on strategy s_310 added to CG.mock.strategies at init)"
"HC-TR-086","3","Trading engineer","Builder, paper & live trading, journal","/analyse","Analyse · Live Trades panel","View Details / Square Off All / Delete","working","no","unit (pricing) · e2e (Playwright) · api contract · security","Details opens the modal; Square Off All confirms 'Market orders will be placed on Delta Exchange to close all positions with full quantity.' → 'Exiting...' → all legs squared off at market and the strategy archived (toast 'Positions closed'); Delete confirms 'Delete <name>? This cannot be undone.'"
"HC-TR-087","3","Trading engineer","Builder, paper & live trading, journal","/analyse","Analyse · Live Trades panel","Pagination and empty state","working","no","unit (pricing) · e2e (Playwright) · api contract · security","'Page 1 of 1' with Previous / Next (5 per page); empty 'No live trades · Use Trade All → Live to place real orders on Delta Exchange.'"
"HC-TR-088","3","Trading engineer","Builder, paper & live trading, journal","/analyse","Analyse · Confirm Adjustment Order (dialog)","Confirm Adjustment Order · Live","working","no","unit (pricing) · e2e (Playwright) · api contract · security","Title with 'Live (filled pill, pulsing dot)' badge, legs table with Est. Price, 'Net Premium Credit/Debit', 'Est. premium received' / 'Est. cost', Expected Required Margin, warning 'These order(s) will be placed on the exchange with real funds at market. Fill prices may differ from the estimate above.', Cancel / 'Place Order' ('Placing...') → adjustment legs appended with filled orders"
"HC-TR-089","3","Trading engineer","Builder, paper & live trading, journal","/analyse","Analyse · Trade All → Live","Batch live conversion of all paper strategies","confirmed","no","unit (pricing) · e2e (Playwright) · api contract · security","'Trade All → Live' opens a batch selector listing every open paper strategy with a checkbox (all ticked by default), a per-strategy margin check and a single Trade Preview of all selected legs. Nothing converts without an explicit tick and a final confirmation; strategies failing the margin check are shown blocked, not skipped silently. Result toast lists converted and blocked counts."
"HC-TR-090","2","Trading engineer","Builder, paper & live trading, journal","/analyse","Analyse · trading integration","Shared state and events for the workspace / payoff parts","working","no","unit (pricing) · e2e (Playwright) · security","CG.analyse {legs, name, strategyId, asset, expiry, mode}; emits analyse:legs-changed (on structural and live price changes), analyse:set-tab, analyse:strategies-changed, cg-tour:leg-added / save-dialog-open / trade-modal-open / paper-started; listens to analyse:addLeg, analyse:tab, asset, expiry, tick, currency"
"HC-TR-091","2","Trading engineer","Builder, paper & live trading, journal","/analyse","Analyse · trading integration","Currency toggle (USD / INR)","working","no","unit (pricing) · e2e (Playwright)","All prices and P&L use CG.fmt.money; re-rendered on the 'currency' event"
"HC-TR-092","2","Trading engineer","Builder, paper & live trading, journal","/analyse","Analyse · trading integration","Fallback /analyse shell","working","no","unit (pricing) · e2e (Playwright) · security","When the workspace part is absent a minimal section with Options Chain / Strategy / Paper Trades / Live Trades tabs hosts the three panels so the trading area stays testable; it removes itself if a real /analyse section is present at DOMContentLoaded"
"HC-TR-093","5","Trading engineer","Builder, paper & live trading, journal","/analyse","Analyse · Strategy panel (Builder)","Legs table v2: Side pill, instrument in mono with sub-line, lots stepper, IV, price, per-leg Δ / Θ, ✕","working","yes","unit (pricing) · e2e (Playwright) · security","Side = green BUY / red SELL pill (click toggles); instrument = mono symbol with a second line ""call · 19d · ATM · adj/closed""; lots = − / input / + stepper (basket-aware); IV 1dp; price 1dp (flashes green/red on live ticks, editable in custom mode); Δ per contract and Θ per asset-unit per day signed by side (BUY theta red, SELL theta green); ✕ removes (square-off icon on active legs)"
"HC-TR-094","5","Trading engineer","Builder, paper & live trading, journal","/analyse","Analyse · Strategy panel (Builder)","Density-aware rows","working","yes","e2e (Playwright)","Rows are 36px comfortable and 28px compact (sub-line hidden); reacts to CG.on(""density"") and CG.state.density; the class trd-compact is applied to the panels, open dialogs and body"
"HC-TR-095","5","Trading engineer","Builder, paper & live trading, journal","/analyse","Analyse · Strategy panel (Builder)","Ticket block · Premium at mark","working","yes","unit (pricing) · e2e (Playwright)","Net premium in currency for the lot size plus the per-asset-unit figure: ""465.5 / BTC × 0.010 BTC"" (credit shown green with +)"
"HC-TR-096","5","Trading engineer","Builder, paper & live trading, journal","/analyse","Analyse · Strategy panel (Builder)","Ticket block · Fees · est.","working","yes","unit (pricing) · e2e (Playwright)","Per leg: notional × broker fee %, capped at cap % of premium (options), + GST; summed and shown with ""taker · N legs · Delta India 0.05% + GST""; uses the broker selected in Select Trading Mode (default broker otherwise)"
"HC-TR-097","5","Trading engineer","Builder, paper & live trading, journal","/analyse","Analyse · Strategy panel (Builder)","Ticket block · Total debit / credit","working","yes","unit (pricing) · e2e (Playwright)","|net premium| + fees for debits (""= max loss · fees incl."" when the debit equals the max loss) or net premium − fees for credits"
"HC-TR-098","5","Trading engineer","Builder, paper & live trading, journal","/analyse","Analyse · Strategy panel (Builder)","Ticket block · P&L at target","working","yes","unit (pricing) · e2e (Playwright)","CG.analyze(legs, asset, {targetDays, min: target, max: target}) at CG.analyse.targetPrice / targetDays; sub-line shows the target price and date; recomputed on tick, legs-changed and analyse:target"
"HC-TR-099","5","Trading engineer","Builder, paper & live trading, journal","/analyse","Analyse · Strategy panel (Builder)","Ticket block · Margin est. with POP and R:R","working","yes","unit (pricing) · e2e (Playwright)","CG.analyze margin, plus POP % and reward:risk (∞ when unlimited) as the sub-line"
"HC-TR-100","5","Trading engineer","Builder, paper & live trading, journal","/analyse","Analyse · Strategy panel (Builder)","Ticket block · Width","working","yes","e2e (Playwright)","Max − min strike across option legs with ""N strikes · x% of spot"" (— for single-strike / futures-only)"
"HC-TR-101","5","Trading engineer","Builder, paper & live trading, journal","/analyse","Analyse · Strategy panel (Builder)","Net line under the legs","working","yes","e2e (Playwright)","""Lot = 0.001 BTC · Net debit 465.5 / BTC → $4.65 · Net Δ · Net Θ/day · Net ν/1%"" in mono, updated every tick"
"HC-TR-102","5","Trading engineer","Builder, paper & live trading, journal","/analyse","Analyse · Strategy panel (Builder)","Inline strategy name in the builder header","working","yes","e2e (Playwright)","Name is an inline editable field next to the BUILDER label (Enter saves via saveCurrent); template / detected structure shown as a tag; asset · expiry · DTE on the right"
"HC-TR-103","5","Trading engineer","Builder, paper & live trading, journal","/analyse","Analyse · Strategy panel (Builder)","Builder toolbar restyle","working","yes","unit (pricing) · e2e (Playwright) · security","Live price / Custom price pill (dot / square marker, no glyph emoji), Basket switch, New and Clear as ghost buttons; Save draft / Save & trade on the left, amber Paper trade (primary, kbd P) and outline Live trade on the right, margin est. footnote"
"HC-TR-104","5","Trading engineer","Builder, paper & live trading, journal","/analyse","Analyse · Strategy panel (Builder)","Keyboard: P = Paper trade","working","yes","e2e (Playwright)","Pressing P on /analyse with the builder visible and legs present (focus outside inputs, no dialog open) starts the paper-trade flow"
"HC-TR-105","5","Trading engineer","Builder, paper & live trading, journal","/analyse","Analyse · Strategy panel (Builder)","Sub-tab info line","working","yes","e2e (Playwright)","Builder | Templates tabs show ""N legs · 25 Sep 26 · 19d · status"" on the right (no duplicate lot/basis info)"
"HC-TR-106","5","Trading engineer","Builder, paper & live trading, journal","/analyse","Analyse · Strategy panel (Templates)","Recommended for outlook filter (Bullish / Bearish / Neutral / Volatile)","working","yes","unit (pricing) · e2e (Playwright)","Each template is materialised at the current chain (CG.templateLegs + CG.analyze); Bullish = profits at +6% and not at −6%, Bearish mirrored, Neutral = profits at spot and less on both sides, Volatile = profits at ±14%; matches are ranked by POP × 0.6 + reward:risk × 0.4 and numbered #1…; note line ""6 of 28 templates profit in a bullish market…""; Clear resets"
"HC-TR-107","5","Trading engineer","Builder, paper & live trading, journal","/analyse","Analyse · Strategy panel (Templates)","POP and R:R on every template card","working","yes","unit (pricing) · e2e (Playwright)","Computed with CG.analyze at the current asset / expiry (R:R ∞ when profit is unlimited, — when undefined); the card tooltip repeats them"
"HC-TR-108","5","Trading engineer","Builder, paper & live trading, journal","/analyse","Analyse · Strategy panel (Templates)","Template sketch with green / red fills","working","yes","unit (pricing) · e2e (Playwright)","Expiry payoff line in the foreground colour with the area above zero filled green and below zero red (clip paths), dashed zero line"
"HC-TR-109","5","Trading engineer","Builder, paper & live trading, journal","/analyse","Analyse · Strategy panel (Templates)","Expiry selector with DTE","working","yes","e2e (Playwright)","Template expiry select lists ""25 Sep 26 · 19d"" for each expiry"
"HC-TR-110","5","Trading engineer","Builder, paper & live trading, journal","/analyse","Analyse · Strategy panel (Templates)","My Templates cards restyled","working","yes","unit (pricing) · e2e (Playwright)","Hairline cards with mode pill, asset tag, mono meta line, Load / Activate / Archive / View Details / Delete"
"HC-TR-111","5","Trading engineer","Builder, paper & live trading, journal","/analyse","Analyse · Paper Trades panel","Paper card redesign","working","yes","unit (pricing) · e2e (Playwright) · api contract · security","Name + hollow PAPER pill + asset tag; meta: open/total legs, days, template, since date; P&L big mono with unrealised / realised small; sparkline of pnlHistory; leg chips (closed legs marked); actions Details · Set alert · Go live · Stop · Delete"
"HC-TR-112","5","Trading engineer","Builder, paper & live trading, journal","/analyse","Analyse · Paper Trades panel","Sort control (P&L / Date / Name)","working","yes","unit (pricing) · e2e (Playwright)","Select in the toolbar re-sorts the list (P&L desc, startedAt desc, name asc) and resets the page"
"HC-TR-113","5","Trading engineer","Builder, paper & live trading, journal","/analyse","Analyse · Paper Trades panel","Summary strip: Total P&L · Day P&L · Net Δ · Margin used","working","yes","unit (pricing) · e2e (Playwright)","Computed from CG.portfolio.compute() for PAPER strategies; margin shown against marginTotal with %; values update on every tick"
"HC-TR-114","5","Trading engineer","Builder, paper & live trading, journal","/analyse","Analyse · Paper Trades panel","Set alert on every paper card","working","yes","e2e (Playwright) · api contract","Opens CG.alerts.openNew({type:""pnl"", kind:""pnl"", strategyId, name, asset}) when the chrome alerts engine exists, else the local mini-dialog"
"HC-TR-115","5","Trading engineer","Builder, paper & live trading, journal","/analyse","Analyse · Live Trades panel","Live card redesign","working","yes","unit (pricing) · e2e (Playwright) · api contract · security","Filled LIVE pill with pulsing dot, batch id tag, order-status chips (filled / pending / failed / closed), failed-order alert with Retry, sparkline, Square off all, Delete; toolbar with sort and exchange-connection tag"
"HC-TR-116","5","Trading engineer","Builder, paper & live trading, journal","/analyse","Analyse · Live Trades panel","Summary strip for live trades","working","yes","unit (pricing) · e2e (Playwright) · security","Total P&L · Day P&L · Net Δ · Margin used from CG.portfolio (LIVE strategies), live on tick"
"HC-TR-117","5","Trading engineer","Builder, paper & live trading, journal","/analyse","Analyse · Live Trades panel","Set alert on every live card","working","yes","unit (pricing) · e2e (Playwright) · api contract · security","Same hook as the paper cards"
"HC-TR-118","5","Trading engineer","Builder, paper & live trading, journal","/analyse","Analyse · Strategy Details (modal)","Strategy Details restyle","working","yes","unit (pricing) · e2e (Playwright)","Hairline header (micro label, name, pills, id, exchange), 6 tiles (Total P&L big, Unrealised, Realised, Days, Legs open/total, Margin est. + POP), actions row, leg rows (side pill, instrument + sub-line, lots, entry → now / exit, P&L pill, Square off), P&L history with axis labels, statistics grid, Close"
"HC-TR-119","5","Trading engineer","Builder, paper & live trading, journal","/analyse","Analyse · Strategy Details (modal)","Payoff mini chart","working","yes","unit (pricing) · e2e (Playwright)","CG.analyze on the open legs at their entry premiums: expiry curve, green / red fills, faint grid, amber spot marker, breakeven lines, max profit / loss end labels, x-axis prices; header line with max profit / max loss / BE / net Δ / Θ per day"
"HC-TR-120","5","Trading engineer","Builder, paper & live trading, journal","/analyse","Analyse · Strategy Details (modal)","Set alert button","working","yes","unit (pricing) · e2e (Playwright) · api contract","Opens the alerts hook for the strategy (active strategies)"
"HC-TR-121","5","Trading engineer","Builder, paper & live trading, journal","/analyse","Analyse · Strategy Details (modal)","Journal section for archived strategies","working","yes","unit (pricing) · e2e (Playwright)","Shows tags and notes; ""Open in Journal"" jumps to the Journal tab"
"HC-TR-122","5","Trading engineer","Builder, paper & live trading, journal","/analyse","Analyse · Select Trading Mode (dialog)","Two selectable mode cards","working","yes","unit (pricing) · e2e (Playwright) · security","Paper (hollow pill, ""Simulated positions tracked at live market prices"") and Live (filled pill, ""Real money…"") cards with a check marker; each shows the fee estimate; Paper is disabled for Go live / Trade All"
"HC-TR-123","5","Trading engineer","Builder, paper & live trading, journal","/analyse","Analyse · Select Trading Mode (dialog)","Exchange fee summary","working","yes","unit (pricing) · e2e (Playwright)","""Delta India · fee 0.05% of notional · cap 10% of premium · GST 18% → est. $0.94 for 2 legs ($0.80 fee + $0.14 GST)"" recomputed when the exchange select changes; the chosen exchange feeds the builder ticket"
"HC-TR-124","5","Trading engineer","Builder, paper & live trading, journal","/analyse","Analyse · Select Trading Mode (dialog)","Net premium in the summary","working","yes","unit (pricing) · e2e (Playwright)","Credit / Debit shown next to legs, asset and price mode"
"HC-TR-125","5","Trading engineer","Builder, paper & live trading, journal","/analyse","Analyse · Trade Preview (dialog)","Per-leg Value and Fee columns","working","yes","unit (pricing) · e2e (Playwright)","Value = price × lots × lot size; Fee = per-leg fee + GST"
"HC-TR-126","5","Trading engineer","Builder, paper & live trading, journal","/analyse","Analyse · Trade Preview (dialog)","Fee estimate line and You will pay / receive","working","yes","unit (pricing) · e2e (Playwright)","Fees · est. with the fee formula and a bold ""You will pay"" (debit + fees) or ""You will receive"" (credit − fees) summary; Max loss shown when finite; mode pill"
"HC-TR-127","5","Trading engineer","Builder, paper & live trading, journal","/analyse","Analyse · Select Option from Chain (modal)","Mirrored chain layout","working","yes","unit (pricing) · e2e (Playwright)","Calls | Strike | Puts with Δ and OI outboard and Bid / Mark inboard (IV under each price), ITM 4.5% tint, OI bars growing toward the strike, amber ATM band, expiry strip with DTE, B/S buttons filled when selected, lot stepper in the selection list, column settings incl. Δ"
"HC-TR-128","5","Trading engineer","Builder, paper & live trading, journal","/analyse","Analyse · Journal panel","Journal tab panel","working","yes","unit (pricing) · e2e (Playwright)","New .lp-panel[data-tab=""journal""] listing ARCHIVED strategies (newest close first) plus squared-off legs of active strategies; rendered on analyse:tab and after every strategies-changed"
"HC-TR-129","5","Trading engineer","Builder, paper & live trading, journal","/analyse","Analyse · Journal panel","Stats strip","working","yes","unit (pricing) · e2e (Playwright)","Trades (wins · losses), Win rate, Avg P&L, Best, Worst, Profit factor (gross profit ÷ gross loss, ∞ when no losses) for the filtered trades"
"HC-TR-130","5","Trading engineer","Builder, paper & live trading, journal","/analyse","Analyse · Journal panel","Equity curve","working","yes","unit (pricing) · e2e (Playwright)","SVG of cumulative realised P&L over closedAt starting at the first trade open; faint grid with $ labels, dashed zero, filled area, one dot per trade (hover title: name · P&L · date), emphasised endpoint with the net value; first / last date on the axis"
"HC-TR-131","5","Trading engineer","Builder, paper & live trading, journal","/analyse","Analyse · Journal panel","Filter chips and search","working","yes","unit (pricing) · e2e (Playwright) · security","All / Paper / Live / Wins / Losses / BTC / ETH / XAUT chips plus a search over name, template, asset, tags and notes"
"HC-TR-132","5","Trading engineer","Builder, paper & live trading, journal","/analyse","Analyse · Journal panel","Tag editor per trade","working","yes","e2e (Playwright)","Chips earnings / range / hedge toggle on click; custom tags via the ""+ custom"" input (Enter); custom chips remove with ×; stored on the strategy as tags[]; toasts Tag added / removed"
"HC-TR-133","5","Trading engineer","Builder, paper & live trading, journal","/analyse","Analyse · Journal panel","Notes per trade","working","yes","e2e (Playwright)","Textarea stored as strategy.notes while typing; ""Notes saved"" toast on change"
"HC-TR-134","5","Trading engineer","Builder, paper & live trading, journal","/analyse","Analyse · Journal panel","Export CSV","working","yes","e2e (Playwright)","Builds id,name,mode,asset,template,legs,opened,closed,days,realized_pnl,tags,notes for the filtered trades, copies to the clipboard (execCommand fallback) and toasts ""CSV copied · N rows""; CG.trading.journalCsv() / CG.trading.lastCsv"
"HC-TR-135","5","Trading engineer","Builder, paper & live trading, journal","/analyse","Analyse · Journal panel","Row opens Strategy Details","working","yes","e2e (Playwright)","Clicking a trade row or a closed-leg row opens Strategy Details for that strategy"
"HC-TR-136","5","Trading engineer","Builder, paper & live trading, journal","/analyse","Analyse · Journal panel","Empty state","working","yes","e2e (Playwright)","""No closed trades yet"" with an Open Paper trades button; per-filter empty states"
"HC-TR-137","5","Trading engineer","Builder, paper & live trading, journal","/analyse","Analyse · Journal panel","Journal fed by stop / square off","working","yes","unit (pricing) · e2e (Playwright) · security","Stop (archive) and live Square off all archive the strategy with closedAt so it appears in the Journal immediately"
"HC-TR-138","5","Trading engineer","Builder, paper & live trading, journal","/analyse","Analyse · trading integration","CG.portfolio aggregation","working","yes","unit (pricing) · e2e (Playwright) · security","CG.portfolio = { compute(), strategyPnl(id), strategy(id), refresh(), cache }; compute() → { open, netDelta, netGamma, netTheta, netVega, marginUsed, marginTotal (wallet.available + marginUsed), dayPnl, unrealized, realized, openPnl, byStrategy:[{id,name,status,asset,pnl,unrealized,realized,dayPnl,delta,theta,gamma,vega,margin,openLegs,legs}], at } using CG.analyze(open legs at entry, asset) per PAPER/LIVE strategy (Greeks in asset units × lot); CG.emit(""portfolio-changed"", data) after every mutation (renderAll) and once per tick"
"HC-TR-139","5","Trading engineer","Builder, paper & live trading, journal","/analyse","Analyse · trading integration","Alerts hook","working","yes","unit (pricing) · e2e (Playwright) · api contract","openAlert(id) → CG.alerts.openNew({type:""pnl"", kind:""pnl"", strategyId, name, asset}) when the chrome engine exists; otherwise a local mini-dialog (condition ≥ / ≤, value) stores {id,type:""pnl"",kind:""pnl"",strategyId,name,op,value,armed,state,channels,createdAt} into CG.mock.alerts and a tick evaluator toasts and disarms when crossed; CG.portfolio.strategyPnl(id) returns the strategy total P&L for the engine"
"HC-TR-140","5","Trading engineer","Builder, paper & live trading, journal","/analyse","Analyse · trading integration","Palette commands","working","yes","unit (pricing) · e2e (Playwright) · security","If CG.palette.register exists: New strategy, Save draft, Paper trade current strategy, Open Paper trades, Open Live trades, Open Journal and Load template → … (28) are registered (group Trading / Templates); CG.trading.commands() exposes the same list"
"HC-TR-141","5","Trading engineer","Builder, paper & live trading, journal","/analyse","Analyse · trading integration","Design-system restyle","working","yes","e2e (Playwright)","No hard-coded blues/purples/oranges, no card shadows, 4–6px radii, mono numbers, .micro labels, amber only on the primary action (Paper trade, Add legs, Continue, Trade now); SVG icons instead of emoji; hollow / filled mode pills"
"HC-TR-142","5","Trading engineer","Builder, paper & live trading, journal","/analyse","Analyse · trading integration","Broker selection shared with the ticket","working","yes","unit (pricing) · e2e (Playwright)","CG.trading.setBroker(id) / the Select Trading Mode exchange select update the fee estimate in the builder ticket"
"HC-TR-143","3","Trading engineer","Builder, paper & live trading, journal","/analyse","Analyse · Paper / Live tabs","Analysis pane follows the selected strategy card","working","yes","unit (pricing) · e2e (Playwright) · security","Clicking a paper or live card (Enter on focus) makes Payoff / Greeks / Ladder analyse its open legs at entry premiums; the first card of the tab is followed by default and a new trade is followed after Paper trade / Go live; a source bar names the followed strategy with Back to Builder"
"HC-TR-144","3","Trading engineer","Builder, paper & live trading, journal","/analyse","Analyse · Live tab","Net positions table from the exchange with tick-to-analyse","working","yes","unit (pricing) · e2e (Playwright)","Position (side, strike, CE/PE, expiry), size in contracts, entry, mark, P&L at mark, asset filter BTC / ETH / XAUT, refresh; ticked rows are parsed from their Delta symbols and analysed in the pane"
"HC-TR-145","3","Trading engineer","Builder, paper & live trading, journal","/analyse","Analyse · Live tab","Exit / Exit all on exchange positions","working","yes","unit (pricing) · e2e (Playwright) · api contract · security","Per-row X and Exit all open a confirm listing the positions; reduce-only market orders through the executor; HapieCoin legs matching the symbol are squared off at the fill and an emptied strategy is archived; refused exits are reported per product"
"HC-TR-146","3","Trading engineer","Builder, paper & live trading, journal","/analyse","Analyse · Builder","Leg checkbox: include / exclude a leg from the analysis","working","yes","unit (pricing) · e2e (Playwright)","Per-leg checkbox and a master checkbox in the legs table; an unticked leg stays in the table (dimmed) but leaves the payoff, Greeks, ticket, drafts and trades; the sub-header shows '(N on)'"
"HC-TR-147","3","Trading engineer","Builder, paper & live trading, journal","/analyse","Analyse · Builder","Per-leg type, strike and expiry editable in place","working","yes","unit (pricing) · e2e (Playwright)","CE / PE toggle, strike select from that expiry's venue ladder, expiry select from the listed expiries; the symbol follows and the ladder's mark / IV replace the stored quote when available"
"HC-TR-148","5","Trading engineer","Builder, paper & live trading, journal","/analyse","Analyse · Adjustment workbench","Adjustment workbench (H2): position + ticket, live chain and the analysis pane after the change","working","yes","unit (pricing) · e2e (Playwright) · security","Adjust on a paper / live card, Details → Adjust… or A on a focused card opens the workbench in the left pane; the pane follows the strategy and shows the position after the change; Exit discards the draft; under 720 px the columns stack with the footer in view"
"HC-TR-149","5","Trading engineer","Builder, paper & live trading, journal","/analyse","Analyse · Adjustment workbench","Before → after strip, ghost curve and value at a chosen expiry","working","yes","unit (pricing) · e2e (Playwright)","Max loss, max profit, POP and break-evens shown before → after over the payoff tiles; the previous payoff drawn dashed behind the new one; ""Value at"" chips per expiry of the combined position (default the nearest expiry, later legs keep time value; ADR-059): settled legs at intrinsic, later legs keep time value; a scenario slider values the position on any day up to the latest expiry"
"HC-TR-150","5","Trading engineer","Builder, paper & live trading, journal","/analyse","Analyse · Adjustment workbench","Lots after editing in both places with netting: ADDS / TRIMS / CLOSES / FLIPS / NEW LEG","working","yes","e2e (Playwright)","A lots now → after stepper on every open leg (fewer trims, 0 closes, more adds at the mark) and on every proposed row; B / S on a held strike adds to or trims it, on any other strike proposes a new leg; each row says its effect; ↑ ↓ b s B S Enter Esc on the chain"
"HC-TR-151","5","Trading engineer","Builder, paper & live trading, journal","/analyse","Analyse · Adjustment workbench","Change summary, cash and guard rails; Review → paper confirm with a reason; history, ADJUSTED badge and card figures","working","yes","unit (pricing) · e2e (Playwright) · api contract","One line: max loss worsens / improves by X · you pay / receive Y · POP a% → b%; warnings for unlimited loss introduced, the 10-leg cap, 0-DTE legs and stale marks; the paper confirm lists the changes with before → after figures and an optional reason; Details shows the adjustment history, cards wear ADJUSTED and show combined max loss / profit / POP; ""Alert me if max loss exceeds X"" saved per strategy (stub, arms with Alerts)"
"HC-TR-152","5","Trading engineer","Builder, paper & live trading, journal","/analyse","Analyse · Adjustment workbench","Live confirm: venue check, per-leg band, order type, hold-to-place, fill states","working","yes","unit (pricing) · e2e (Playwright) · api contract · security","A red frame; the exchange check of adds as entries and trims / closes as reduce-only exits (contracts, notional, wallet, band); each add shows how far the mark moved from the reviewed one against the band; Market or Limit at mark (entries rest until filled, exits stay market); the button must be held 1.2 s; after placing, every order shows filled @ price / resting / failed until Done → Details; a notional above the available balance warns"
"HC-TR-153","5","Trading engineer","Builder, paper & live trading, journal","/analyse","Analyse · Adjustment workbench","Compare plans (Plan A / Plan B) side by side","working","yes","unit (pricing) · e2e (Playwright)","Save the current change as Plan A / B / C, build another, compare max loss / max profit / POP / cash per plan next to the current change, Use one to load it back, remove one"
"HC-TR-154","5","Trading engineer","Builder, paper & live trading, journal","/analyse","Analyse · Adjustment workbench","Quick fixes: roll wings up, roll out, hedge with a call, ranked","working","yes","unit (pricing) · e2e (Playwright)","Roll strikes up, Roll out to the next expiry, Hedge with a call: each built from the open legs and the listed strikes, priced with the engine and tagged smallest max loss / largest credit / closest to delta-neutral; a click loads the draft for review; an unbuildable fix says why"
"HC-TR-155","5","Trading engineer","Builder, paper & live trading, journal","undefined","Trading · Enter Strategy Name","Pre-filled strategy name","working","yes","unit (pricing) · e2e (Playwright)","The name box arrives filled as ASSET-CODE-DDMMMYY-HHMM (template code, or the legs as 2C1P, and the trader's clock), selected; typing replaces it, Enter keeps it; a clash gets -2; the same default for Save as Draft"
"HC-TR-156","5","Trading engineer","Builder, paper & live trading, journal","undefined","Trading · Paper / Live tabs","Start and expiry on every card, sort by expiry","working","yes","e2e (Playwright) · api contract · security","Each card reads started <date> · <n>d and expires <nearest> (or nearest → latest) with days left to the settlement instant, amber within a day; closed cards read closed <date> · reason; Sort · Expiry orders by the nearest open expiry"
"HC-TR-157","5","Trading engineer","Builder, paper & live trading, journal","undefined","Trading · Paper / Live tabs","Lifecycle chips: Open · Expiring ≤ 1d · Closed","working","yes","unit (pricing) · e2e (Playwright) · api contract · security","Chips with counts filter the same tab; Closed lists the archived strategies traded in that mode with Details and Journal only (no Adjust, alert, Go live, Stop or Square off); the empty state names the chip"
"HC-TR-158","5","Trading engineer","Builder, paper & live trading, journal","undefined","Trading · Trade Preview","Capital block: at risk, available, fees, worst case leaves","working","yes","unit (pricing) · e2e (Playwright) · api contract · security","Capital at risk (the worst loss at expiry net of the premium, never less than a debit paid; undefined risk says the exchange sets the margin at placement; Go live from a card says not computed), the wallet's available balance in USD terms when connected (paper too; live reads the exchange check's figure) with the % this trade uses, the fee estimate with the premium, and what the worst case leaves; amber over 50 %, red when short"
"HC-TR-159","5","Trading engineer","Builder, paper & live trading, journal","undefined","Trading · Trade Preview / Adjustment Review","Overlap line: a contract another open strategy already holds","working","yes","unit (pricing) · e2e (Playwright) · api contract · security","The paper and live previews and the workbench Review list every contract in the order that another open strategy of the same mode holds, with who holds how much and what the exchange holds after the order as one position; live adds the warning that an exchange-level stop or close acts on all of it; never blocks"
"HC-TR-160","5","Trading engineer","Builder, paper & live trading, journal","undefined","Trading · Live tab","Out of sync with the exchange: drift badge and banner","working","yes","unit (pricing) · e2e (Playwright) · security","On every positions refresh the exchange's net position per contract is compared with the open live legs across strategies; a strategy on a contract that differs gets an out-of-sync badge (title: exchange holds X · Y expected across N strategies) and the tab a banner; contracts the app does not track are ignored"
"HC-TR-161","5","Trading engineer","Builder, paper & live trading, journal","undefined","Trading · Live tab","Reconcile: book lots closed outside the app, no orders","working","yes","unit (pricing) · e2e (Playwright) · api contract · security","Reconcile on an out-of-sync card lists the legs whose lots the exchange no longer holds with their share of the shortfall, a price (the exchange mark, else the entry) and a reason; confirming books them closed through POST /v1/strategies/{id}/reconcile, which sends nothing to the exchange, records the batch as 'closed outside the app: <reason>' in the history and archives the strategy when nothing is open"
"HC-TR-162","5","Trading engineer","Builder, paper & live trading, journal","undefined","Trading · Paper and Live tabs","Expiry settlement of paper legs","working","yes","unit (pricing) · e2e (Playwright) · api contract · security","An API job (settlement.ts, every SETTLEMENT_MS) books every open paper leg two minutes past its settlement instant (12:00 UTC BTC / ETH, 16:00 UTC XAUT) closed at intrinsic value from the IV-snapshot spot nearest the instant (else the venue's live spot while fresh, else it waits), records a 'settle:' batch in the history, archives the strategy with closeReason expired when nothing stays open, audits strategy.settle; a perpetual never settles"
"HC-TR-163","5","Trading engineer","Builder, paper & live trading, journal","undefined","Trading · Live tab","Expiry bookkeeping of live legs from the exchange","working","yes","unit (pricing) · e2e (Playwright) · api contract · security","The same job settles a live leg past its instant only after a successful exchange positions read shows the contract gone; a contract the exchange still holds waits, an unreadable exchange skips the strategy, no order is ever sent; the Live tab's out-of-sync check leaves legs past their settlement instant to the settler and the card says 'expired, settling'"
"HC-TR-164","5","Trading engineer","Builder, paper & live trading, journal","undefined","Trading · Closed chip · Journal","Close reasons on cards and in the Journal","working","yes","unit (pricing) · e2e (Playwright)","Every close path records why (expired · squared off · closed outside the app; stopped reserved for the strategy stop): closeReason on each squared-off leg and on the archived strategy; the Closed chip card shows it next to the close date, the Journal row shows it and the CSV carries a close_reason column"
"HC-TR-165","5","Trading engineer","Builder, paper & live trading, journal","undefined","Trading · Paper and Live tabs","Stop and target rules on a strategy (API and schema)","working","yes","unit (pricing) · e2e (Playwright) · api contract · security","PUT /v1/strategies/{id}/rules arms at most one stop and one target on a paper or live strategy, typed in money (USD internally) or as a percentage of the credit received, the debit paid or the max loss (the basis amount stored with the rule); the set is replaced, fired rules stay as history; DELETE disarms; Reconcile disarms armed rules; rules ride on the strategy"
"HC-TR-166","5","Trading engineer","Builder, paper & live trading, journal","undefined","Trading · server","Rules engine: exits every leg when a level is crossed","working","yes","unit (pricing) · e2e (Playwright) · api contract · security","A leader-only job every RULES_TICK_MS reads the venue's public tickers per underlying, values each strategy with armed rules from its filled open legs, fires the stop at P&L ≤ level or the target at ≥ level (stop first), claims the rule once, exits short legs first then longs at market through the exit path with three attempts, books the close reason stopped / target, disarms the other rule, writes the history batch and the audit, mails / Telegrams the trader; paper fires without orders; the kill switch holds a live fire; a refused leg is named as still open"
"HC-TR-167","5","Trading engineer","Builder, paper & live trading, journal","undefined","Trading · cards · Details · trade flow","Protect: arming from the card, Details and after a trade","working","yes","unit (pricing) · e2e (Playwright) · security","Protect on an active card or in Details opens the Protect dialog: stop and target each on / off, money or %, the basis picked from the strategy (credit / debit / max loss with the amount), the level shown in both units, email / Telegram delivery, a plain sentence of what will be sent; the card line reads 'stop at −₹5,000 · target at +₹4,200' or 'no stop'; a trade from the Builder is followed by the Protect step (Skip, or 'do not ask after trades')"
"HC-TR-168","5","Trading engineer","Builder, paper & live trading, journal","undefined","Trading · cards · Details · Journal","Fired rules: the card chip, the history and the reason","working","yes","e2e (Playwright)","A fired rule shows on the card as 'stop fired' / 'target hit', red with 'a leg still open' when an exit was refused; Details lists every rule with its state, level, time and note; the strategy closes with the reason stopped or target hit, shown on the Closed chip and in the Journal"
"HC-AC-001","4","Platform engineer","Subscription & referrals","/subscription","My Subscription","Page header 'My Subscription · Choose a plan to unlock features'","working","no","e2e (Playwright)","Slim v2 title row: title + muted subtitle left, mono status meta (PRO · YEARLY · 116 DAYS LEFT) and the single amber primary action right; hairline underneath"
"HC-AC-002","4","Platform engineer","Subscription & referrals","/subscription","My Subscription","Auth guard","working","no","e2e (Playwright)","Section carries data-auth=""user""; logged-out visitors are redirected to /auth?next=/subscription by the router"
"HC-AC-003","4","Platform engineer","Subscription & referrals","/subscription","My Subscription","Current plan card: plan name + status badge","working","no","unit (pricing) · e2e (Playwright)","Rendered from CG.mock.subscription; badge is Active (green), Expired (red, when expiresAt < mock clock or status expired) or Cancelled (grey)"
"HC-AC-004","4","Platform engineer","Subscription & referrals","/subscription","My Subscription","Current plan summary strip: Billing / Price / You Pay / Currency / Valid until","static","no","unit (pricing) · visual (screenshot diff)","Five-cell mono stat strip under the plan header (micro labels, tabular numbers, struck list price with % off pill, days-left pill); Feature Limits and Plan Features sit side by side below it"
"HC-AC-005","4","Platform engineer","Subscription & referrals","/subscription","My Subscription","Valid-until date with days-left badge","working","no","e2e (Playwright)","'Valid until 31 Dec 2026' + '116 days left' computed against the mock clock (06 Sep 2026); badge turns amber when 7 days or fewer remain; expired plans show 'Expired on'"
"HC-AC-006","4","Platform engineer","Subscription & referrals","/subscription","My Subscription","Feature Limits with usage progress bars","working","no","unit (pricing) · e2e (Playwright) · security","One row per key in subscription.featureLimits (paper_trading, live_trading): raw key in mono, limit as '∞ Unlimited' or '25 / month', progress bar and '14 used' / '3 of 25 used · 12%' caption; a 0 limit for a feature the plan does not include renders 'Not included · Upgrade to unlock'"
"HC-AC-007","4","Platform engineer","Subscription & referrals","/subscription","My Subscription","Features & Usage → Plan Features list","static","no","visual (screenshot diff)","Check-marked two-column bullet list from plan.features of the subscribed plan"
"HC-AC-008","4","Platform engineer","Subscription & referrals","/subscription","My Subscription","Renew Plan button","working","no","e2e (Playwright)","Opens the Subscribe dialog pre-set to the current plan and interval (primary style when the plan is expired)"
"HC-AC-009","4","Platform engineer","Subscription & referrals","/subscription","My Subscription","Upgrade button","working","no","e2e (Playwright)","Header primary action reads Upgrade plan (Renew plan on Elite or when expired, Choose a plan with no subscription); it and the outline Upgrade in the current card smooth-scroll to Available Plans, pin the next tier in the diff panel and flash its card"
"HC-AC-010","4","Platform engineer","Subscription & referrals","/subscription","My Subscription","No Active Subscription state","working","no","unit (pricing) · e2e (Playwright)","When CG.mock.subscription is null the card shows an icon, 'No Active Subscription', 'Browse plans below and get started' and a 'Choose a Plan' button that smooth-scrolls to the plan grid"
"HC-AC-011","4","Platform engineer","Subscription & referrals","/subscription","My Subscription","Available Plans heading","static","no","visual (screenshot diff)","Section heading with subtitle; anchor target for Choose a Plan / Upgrade"
"HC-AC-012","4","Platform engineer","Subscription & referrals","/subscription","My Subscription","Billing interval toggle (Monthly / Quarterly / Yearly)","working","no","e2e (Playwright)","Segmented tabs; re-renders every plan card's price, discount badge, per-month line and feature-limit chips for the chosen interval; defaults to the current subscription's interval; Semi-Annually label supported for history rows"
"HC-AC-013","4","Platform engineer","Subscription & referrals","/subscription","My Subscription","Plan comparison grid (Free / Basic / Pro / Elite)","working","no","e2e (Playwright)","Four hairline cards without shadows in a 4-up comparison grid: micro flag row, name, description, discount price large in mono, list price struck with % off pill, per-month line, mono limit chips, feature bullets and the action button"
"HC-AC-014","4","Platform engineer","Subscription & referrals","/subscription","My Subscription","Current plan highlight","working","no","unit (pricing) · e2e (Playwright)","The active plan's card gets a 2px amber top rule plus a small amber micro label 'CURRENT PLAN' (no big tag); the Pro card shows a muted 'MOST POPULAR' micro label otherwise"
"HC-AC-015","4","Platform engineer","Subscription & referrals","/subscription","My Subscription","Plan card action button","working","no","unit (pricing) · e2e (Playwright)","'Current Plan' (disabled) on the active plan, 'Free Plan' (disabled) on the free card while a paid plan is active, 'Activate' on the free card with no subscription, 'Subscribe' elsewhere"
"HC-AC-016","4","Platform engineer","Subscription & referrals","/subscription","My Subscription","Subscribe dialog 'Subscribe to <Plan> · <Interval>'","working","no","e2e (Playwright) · api contract","CG.modal (lg) with plan summary strip, coupon column and price breakdown column; Cancel closes it"
"HC-AC-017","4","Platform engineer","Subscription & referrals","/subscription","My Subscription","Apply Coupon input + Apply button","working","no","e2e (Playwright) · api contract","Input 'Enter coupon code' (uppercased), Apply button or Enter key validates against CG.mock.coupons; errors appear inline and as toast 'Error · Invalid coupon'"
"HC-AC-018","4","Platform engineer","Subscription & referrals","/subscription","My Subscription","Coupon validation rules","working","no","unit (pricing) · e2e (Playwright) · api contract · security","Rejects unknown/inactive codes, expired or not-yet-started windows, exhausted maxUses, private community coupons not assigned to the user, plans/intervals outside the coupon scope, and orders below minOrderAmount; each with a specific reason"
"HC-AC-019","4","Platform engineer","Subscription & referrals","/subscription","My Subscription","Applied coupon chip with remove","working","no","e2e (Playwright) · api contract","Green chip 'BASIC20 (-₹720)' with an ✕ that removes the coupon and restores the breakdown; input locks while a coupon is applied"
"HC-AC-020","4","Platform engineer","Subscription & referrals","/subscription","My Subscription","Available Coupons list","working","no","e2e (Playwright) · api contract · security","Public coupons plus community coupons assigned to the user (COMMUNITY25), each with '20% OFF' / '₹500 OFF' tag, description, expiry and min order; click applies; inapplicable ones are dimmed with the reason; applied one is marked"
"HC-AC-021","4","Platform engineer","Subscription & referrals","/subscription","My Subscription","Price breakdown","working","no","e2e (Playwright) · api contract","List Price, Plan Discount, Coupon Discount, Subtotal, Tax (18% GST), Total — right-aligned mono ₹ values recalculated on every coupon change"
"HC-AC-022","4","Platform engineer","Subscription & referrals","/subscription","My Subscription","Pay with Razorpay button","working","no","e2e (Playwright) · api contract","Opens the Razorpay mock checkout (CG.razorpayMock.open) with the computed total, description 'Subscription · Plan · Interval' and user prefill"
"HC-AC-023","4","Platform engineer","Subscription & referrals","/subscription","My Subscription","Activate (₹0 total)","working","no","unit (pricing) · e2e (Playwright) · api contract","When the total is zero (Free plan or 100% coupon) the footer shows 'Activate' instead; activation updates CG.mock.subscription immediately and toasts 'Success · Subscription activated!'"
"HC-AC-024","4","Platform engineer","Subscription & referrals","/subscription","My Subscription","Razorpay mock checkout window","working","no","unit (pricing) · e2e (Playwright) · api contract","Dark tokenised checkout: panel/raised surfaces, hairlines, mono amount, amber underline on the active method tab (UPI / Card / Netbanking / Wallet), amber Pay button, Cancel, mono SECURED BY RAZORPAY footer and the mock-controls strip"
"HC-AC-025","4","Platform engineer","Subscription & referrals","/subscription","My Subscription","Payment success flow","working","no","unit (pricing) · e2e (Playwright) · api contract · security","Pay → 1.2s 'Processing…' overlay → subscription replaced (plan, interval, expiresAt = now + 30/90/365 days, featureLimits from the plan), CG.mock.users[0] updated, payment row + invoice pushed to CG.mock.payments, coupon usedCount incremented, 'subscription' event emitted, toast 'Payment Successful! · Your subscription is now active.', dialogs close, page re-renders"
"HC-AC-026","4","Platform engineer","Subscription & referrals","/subscription","My Subscription","Payment cancel flow","working","no","e2e (Playwright) · api contract · security","Cancel / ✕ in the checkout closes it and toasts 'Payment Cancelled · You can try again anytime.'; the Subscribe dialog stays open"
"HC-AC-027","4","Platform engineer","Subscription & referrals","/subscription","My Subscription","Simulate failure (payment.failed)","working","no","e2e (Playwright) · api contract · security","Mock-controls link in the checkout: runs Processing then toasts 'Payment Failed · Payment failed. Please try again.' and adds a Failed row to Payment History"
"HC-AC-028","4","Platform engineer","Subscription & referrals","/subscription","My Subscription","Simulate confirmation failure","working","no","e2e (Playwright) · api contract · security","Mock-controls link: payment captured but backend confirmation fails → toast 'Confirmation Failed · Please contact support.' and a Pending payment row"
"HC-AC-029","4","Platform engineer","Subscription & referrals","/subscription","My Subscription","Simulate SDK error","working","no","e2e (Playwright) · api contract","Mock-controls link reproduces the checkout.js load failure → toast 'Error · Failed to load Razorpay SDK'; the same toast fires if CG.razorpayMock is missing"
"HC-AC-030","4","Platform engineer","Subscription & referrals","/subscription","My Subscription","Generic error fallback","working","no","e2e (Playwright) · api contract · security","Unexpected exceptions in the payment handler or a missing plan id toast 'Error · Something went wrong'"
"HC-AC-031","4","Platform engineer","Subscription & referrals","/subscription","My Subscription","Payment History table","working","no","e2e (Playwright) · api contract · security","Columns Date (en-IN '01 Jan 2026, 10:12 AM'), Plan, Interval, Amount (mono ₹), Coupon (code + '-₹…' or —), Method (Razorpay · UPI/Card/Netbanking/Wallet), Status badge, Invoice; sorted newest first from CG.mock.payments"
"HC-AC-032","4","Platform engineer","Subscription & referrals","/subscription","My Subscription","Payment status badges","working","no","e2e (Playwright) · api contract · security","success → Paid (green), pending → Pending (amber), failed → Failed (red)"
"HC-AC-033","4","Platform engineer","Subscription & referrals","/subscription","My Subscription","Invoice link opens the invoice preview","working","no","e2e (Playwright)","Mono 'INV-2026-0001' link with an eye icon opens the rendered invoice preview dialog; failed/pending rows show —"
"HC-AC-034","4","Platform engineer","Subscription & referrals","/subscription","My Subscription","Payment History empty state","working","no","e2e (Playwright) · api contract · security","'No payments yet' when CG.mock.payments is empty"
"HC-AC-035","4","Platform engineer","Subscription & referrals","/subscription","My Subscription","Payment History pagination","working","no","e2e (Playwright) · api contract · security","5 rows per page with 'Page 1 of 2', '← Previous' and 'Next →' buttons (disabled at the ends)"
"HC-AC-036","4","Platform engineer","Subscription & referrals","/subscription","My Subscription","Live re-render on subscription change","working","no","unit (pricing) · e2e (Playwright) · security","Listens to the custom 'subscription' event so other screens that change CG.mock.subscription are reflected while the page is active"
"HC-AC-037","4","Platform engineer","Subscription & referrals","/referrals","My Referrals","Page header 'My Referrals · Share & Earn'","working","no","e2e (Playwright) · api contract","Slim v2 title row with mono meta (20% COMMISSION · 6 REFERRALS) and the amber Share primary action on the right"
"HC-AC-038","4","Platform engineer","Subscription & referrals","/referrals","My Referrals","Referral link card 'Get 20% commission on every paid referral'","working","no","e2e (Playwright) · api contract","Flat hairline card (no gradient): gift icon, headline using referrals.commissionPct, explanatory copy, mono link input, Copy button and the dashed code chip"
"HC-AC-039","4","Platform engineer","Subscription & referrals","/referrals","My Referrals","Referral link (read-only input)","working","no","e2e (Playwright) · api contract","Shows CG.mock.referrals.link in a mono read-only input; clicking selects the whole link"
"HC-AC-040","4","Platform engineer","Subscription & referrals","/referrals","My Referrals","Copy button","working","no","e2e (Playwright)","Copies the link via navigator.clipboard (execCommand fallback) and toasts 'Copied!'"
"HC-AC-041","4","Platform engineer","Subscription & referrals","/referrals","My Referrals","Share button","working","no","unit (pricing) · e2e (Playwright)","Opens the Share dialog (link row + WhatsApp / X / Email message templates); the native navigator.share sheet is offered inside the dialog when the browser supports it"
"HC-AC-042","4","Platform engineer","Subscription & referrals","/referrals","My Referrals","'Code: REF_DEMO4K2' chip","working","no","e2e (Playwright) · api contract","Dashed chip with the referral code from CG.mock.user.referralCode; click copies the code"
"HC-AC-043","4","Platform engineer","Subscription & referrals","/referrals","My Referrals","How it works (3 steps)","working","no","e2e (Playwright) · api contract","Numbered steps: Share your unique referral link → Friend signs up & purchases a plan → Earn 20% commission, plus a note on Pending vs Paid"
"HC-AC-044","4","Platform engineer","Subscription & referrals","/referrals","My Referrals","Stats tiles: Total Referrals / Total Earned / Paid / Pending","working","no","e2e (Playwright) · api contract","Computed from the referral rows (count, sum of commission, sum of paid, sum of pending) and written back to CG.mock.referrals so every screen agrees; ₹ values in mono with 2 decimals"
"HC-AC-045","4","Platform engineer","Subscription & referrals","/referrals","My Referrals","Search by name or email","working","no","unit (pricing) · e2e (Playwright) · security","Case-insensitive live filter over name and email; resets to page 1"
"HC-AC-046","4","Platform engineer","Subscription & referrals","/referrals","My Referrals","Status filter (All Status / Paid / Pending / No Purchase)","working","no","e2e (Playwright)","Select bound to row.status (paid / pending / not_paid)"
"HC-AC-047","4","Platform engineer","Subscription & referrals","/referrals","My Referrals","Plan filter (All Plans / Free / Basic Plan / Pro Plan / Elite Plan)","working","no","e2e (Playwright) · api contract","Select; 'Free' matches referrals with no purchased plan"
"HC-AC-048","4","Platform engineer","Subscription & referrals","/referrals","My Referrals","Date range filter","working","no","unit (pricing) · e2e (Playwright)","'Date:' label with from/to date inputs filtering on the Joined date (inclusive)"
"HC-AC-049","4","Platform engineer","Subscription & referrals","/referrals","My Referrals","Clear button","working","no","e2e (Playwright)","Resets search, status, plan and dates, re-renders and toasts 'Filters cleared'"
"HC-AC-050","4","Platform engineer","Subscription & referrals","/referrals","My Referrals","Referrals table","working","no","e2e (Playwright) · api contract","Columns User (mono initials, name + email), Joined (mono), Plan (outline badge + interval), Amount, Commission (mono, right-aligned, green), Status; every header is sortable; default newest first"
"HC-AC-051","4","Platform engineer","Subscription & referrals","/referrals","My Referrals","Status badges","working","no","e2e (Playwright)","paid → Paid (green), pending → Pending (amber), not_paid → No Purchase (grey)"
"HC-AC-052","4","Platform engineer","Subscription & referrals","/referrals","My Referrals","Empty state: no referrals","working","no","e2e (Playwright) · api contract","'No referrals yet · Share your link to start earning' when the referral list is empty"
"HC-AC-053","4","Platform engineer","Subscription & referrals","/referrals","My Referrals","Empty state: no results","working","no","e2e (Playwright)","'No results found · Try adjusting your filters' when filters exclude every row"
"HC-AC-054","4","Platform engineer","Subscription & referrals","/referrals","My Referrals","Pagination + count footer","working","no","e2e (Playwright) · api contract","10 rows per page; footer '6 referrals (filtered from N) · Page 1 of 1' with pluralised ' referral', '← Previous' / 'Next →' buttons"
"HC-AC-055","4","Platform engineer","Subscription & referrals","/referrals","My Referrals","Load error toast","confirmed","no","e2e (Playwright) · api contract","If referrals fail to load, the page shows an inline error panel 'Couldn't load referrals' with a Retry button and a toast; the last successfully loaded data stays visible with a 'stale' note when available."
"HC-AC-056","4","Platform engineer","Subscription & referrals","/subscription","My Subscription","'What changes if I upgrade' diff panel","working","yes","unit (pricing) · e2e (Playwright)","Hovering, focusing or clicking any plan card renders a diff against the current plan for the selected interval: price → price with +/− delta per month/quarter/year, upgrade/downgrade/switch wording, only the changed limits (25 → ∞, ✕ → ✓ in green, regressions in red), a count of unchanged limits and a Subscribe/Activate shortcut; hovering the current plan says so; with nothing hovered it shows the next tier"
"HC-AC-057","4","Platform engineer","Subscription & referrals","/subscription","My Subscription","Plan card selection (pin the diff)","working","yes","e2e (Playwright)","Clicking a card (not its button) pins it as the compared plan with a subtle ring; clicking again unpins; Enter on a focused card does the same"
"HC-AC-058","4","Platform engineer","Subscription & referrals","/subscription","My Subscription","Feature limits matrix","working","yes","unit (pricing) · e2e (Playwright) · security","Hairline table under the plan grid: rows Paper trades / month, Live trades / month, Strategy templates, Market analytics, Reports export × columns Free / Basic / Pro / Elite with the interval price under each; cells show numbers, ∞, green ✓ or muted ✕; the current plan column is tinted with an amber top rule; follows the billing interval toggle"
"HC-AC-059","4","Platform engineer","Subscription & referrals","/subscription","My Subscription","Billing interval tabs restyled","working","yes","unit (pricing) · e2e (Playwright)","Monthly / Quarterly / Yearly as underline tabs (amber underline on the active one) driving plan cards, diff panel and matrix together"
"HC-AC-060","4","Platform engineer","Subscription & referrals","/subscription","My Subscription","Payment history status filter chips","working","yes","unit (pricing) · e2e (Playwright) · api contract · security","Mono chips ALL / PAID / PENDING / FAILED with live counts; the active chip inverts; pagination resets; a filtered-empty state offers Show all"
"HC-AC-061","4","Platform engineer","Subscription & referrals","/subscription","My Subscription","Payment history Copy CSV","working","yes","e2e (Playwright) · api contract · security","Copies the current (filtered) payments as CSV (Date, Plan, Interval, Amount, Coupon, Discount, Tax, Method, Status, Invoice) to the clipboard and toasts the row × column count"
"HC-AC-062","4","Platform engineer","Subscription & referrals","/subscription","My Subscription","Invoice preview dialog","working","yes","unit (pricing) · e2e (Playwright) · api contract · security","Rendered tax invoice: HapieCoin letterhead with GSTIN, invoice number and Paid pill, Billed to / Invoice date / Service period, line items (plan · interval, plan discount, coupon, taxable value, CGST 9%, SGST 9%, total) derived from the payment row, footer with invoice and payment ids"
"HC-AC-063","4","Platform engineer","Subscription & referrals","/subscription","My Subscription","Invoice Download / Copy as text","working","yes","e2e (Playwright)","Download (amber) copies a plain-text rendering of the invoice to the clipboard and toasts 'Invoice INV-… downloaded · mock download'; Copy as text copies the same without the download wording"
"HC-AC-064","4","Platform engineer","Subscription & referrals","/subscription","My Subscription","Empty states with actions","working","yes","e2e (Playwright) · api contract · security","No payments → Browse plans button; filtered-empty → Show all; no subscription → Choose a Plan"
"HC-AC-065","4","Platform engineer","Subscription & referrals","/subscription","My Subscription","Row density","working","yes","e2e (Playwright)","Tables switch between 36px comfortable and 28px compact rows when the chrome emits CG.emit('density', …)"
"HC-AC-066","4","Platform engineer","Subscription & referrals","/subscription","My Subscription","Palette command 'Subscription → Change plan'","working","yes","e2e (Playwright)","Registered with CG.palette when present: navigates to /subscription and triggers the header primary action"
"HC-AC-067","4","Platform engineer","Subscription & referrals","/referrals","My Referrals","Earnings by month chart","working","yes","e2e (Playwright) · api contract","SVG bars per signup month from the referral rows: paid commission solid green, pending as a hatched outline of the same hue (state in shape, not a second colour), faint ₹ grid, mono axis labels, value labels, hover tooltip per bar, legend and a best-month readout; re-renders on resize"
"HC-AC-068","4","Platform engineer","Subscription & referrals","/referrals","My Referrals","Stat tiles row","working","yes","e2e (Playwright) · api contract","Total Referrals / Total Earned / Paid (green) / Pending as four mono stat tiles above the chart, computed from the rows"
"HC-AC-069","4","Platform engineer","Subscription & referrals","/referrals","My Referrals","Share dialog with message templates","working","yes","unit (pricing) · e2e (Playwright) · api contract","Link row (Copy link, native Share… when supported) plus WhatsApp, X (Twitter) and Email templates that embed the referral link and code; each has a Copy message button with a toast"
"HC-AC-070","4","Platform engineer","Subscription & referrals","/referrals","My Referrals","Sortable table headers","working","yes","e2e (Playwright)","User, Joined, Plan, Amount, Commission and Status headers sort ascending/descending with a ▲/▼ indicator; numeric/date columns default to descending"
"HC-AC-071","4","Platform engineer","Subscription & referrals","/referrals","My Referrals","Referrals Copy CSV","working","yes","e2e (Playwright) · api contract","Copies the filtered, sorted rows (Name, Email, Joined, Plan, Interval, Amount, Commission, Status) as CSV with a toast"
"HC-AC-072","4","Platform engineer","Subscription & referrals","/referrals","My Referrals","Empty states with actions","working","yes","e2e (Playwright) · api contract","No referrals → Share link button; no results → Clear filters button"
"HC-AC-073","4","Platform engineer","Subscription & referrals","/referrals","My Referrals","Palette command 'Referrals → Copy link'","working","yes","e2e (Playwright) · api contract","Registered with CG.palette when present: copies the referral link and toasts"
"HC-AC-074","4","Platform engineer","Subscription & referrals","/referrals","My Referrals","Row density","working","yes","e2e (Playwright) · api contract","Referral table honours the compact density setting (28px rows)"
"HC-AD-001","4","Platform engineer","Admin console","/admin","Admin (index)","Redirect /admin → /admin/users","working","no","e2e (Playwright) · api contract · security","Section with data-redirect; router replaces the hash"
"HC-AD-002","4","Platform engineer","Admin console","/admin","Admin (index)","Admin-only guard (data-auth=admin)","working","no","e2e (Playwright) · api contract · security","Non-admin / logged-out users are redirected by the router (CG.auth.isAdmin)"
"HC-AD-003","4","Platform engineer","Admin console","/admin","Admin (index)","Admin navigation rail (CG.chrome['admin-nav'])","working","no","unit (pricing) · e2e (Playwright) · api contract · security","On ≥1100px a sticky left rail with an ADMIN micro label, icon + label links (Users · Subscription Plans · Menu Pricing · Coupon Codes · User Subscriptions · Banners · Promotional Emails), live counts per page, amber inset rule on the active item and a footer with the admin email; below 1100px it collapses into a horizontal top bar"
"HC-AD-004","4","Platform engineer","Admin console","/admin/subscriptions","Subscription Plans","Page title + subtitle","static","no","visual (screenshot diff)","Slim title row: 'Subscription Plans' / 'Manage subscription tiers and pricing' left, the single amber primary action right, hairline underneath"
"HC-AD-005","4","Platform engineer","Admin console","/admin/subscriptions","Subscription Plans","'+ New Plan' button","working","no","e2e (Playwright)","Opens the 'Create New Plan' dialog"
"HC-AD-006","4","Platform engineer","Admin console","/admin/subscriptions","Subscription Plans","Card 'All Plans (N)' table: Name, Monthly, Quarterly, Yearly, Status, Actions","working","no","unit (pricing) · e2e (Playwright) · security","Rendered from CG.mock.plans; price cells show discount price with struck-through list price and % off, plus paper/live limits"
"HC-AD-007","4","Platform engineer","Admin console","/admin/subscriptions","Subscription Plans","Status switch (Active / Inactive) per plan","working","no","unit (pricing) · e2e (Playwright)","Toggles plan.isActive in CG.mock, toast 'Updated'"
"HC-AD-008","4","Platform engineer","Admin console","/admin/subscriptions","Subscription Plans","Edit (pencil) action","working","no","e2e (Playwright)","Opens 'Edit Plan' dialog pre-filled; submit label 'Update'"
"HC-AD-009","4","Platform engineer","Admin console","/admin/subscriptions","Subscription Plans","Empty state 'No Plans Yet · Create your first subscription plan · + Create Plan'","working","no","e2e (Playwright)","Shown when CG.mock.plans is empty; button opens the create dialog"
"HC-AD-010","4","Platform engineer","Admin console","/admin/subscriptions","Subscription Plans","Dialog field 'Plan Name *' (placeholder e.g. Basic Plan)","working","no","e2e (Playwright)","Required text input"
"HC-AD-011","4","Platform engineer","Admin console","/admin/subscriptions","Subscription Plans","Dialog field 'Description'","working","no","e2e (Playwright)","Textarea saved to plan.description"
"HC-AD-012","4","Platform engineer","Admin console","/admin/subscriptions","Subscription Plans","Dialog 'Features' chip input ('Add a feature' + Enter / Add button, removable chips)","working","no","e2e (Playwright)","Enter or the secondary Add button appends a chip; × removes it; saved as plan.features[]"
"HC-AD-013","4","Platform engineer","Admin console","/admin/subscriptions","Subscription Plans","Dialog 'Billing Intervals': Monthly / Quarterly / Yearly blocks with Price and Discount Price (₹)","working","no","e2e (Playwright)","Three input groups saved to plan.monthly/quarterly/yearly {price, discountPrice}"
"HC-AD-014","4","Platform engineer","Admin console","/admin/subscriptions","Subscription Plans","Dialog 'Feature Limits' per interval: Paper Trading Limit (Per Month), Live Trading Limit (Per Month)","working","no","unit (pricing) · e2e (Playwright) · security","Saved to plan.<interval>.featureLimits {paper_trading, live_trading}; 0 = unlimited"
"HC-AD-015","4","Platform engineer","Admin console","/admin/subscriptions","Subscription Plans","Dialog 'Menu Items' multi-select checkboxes","working","no","e2e (Playwright)","Checklist built from CG.mock.menuItems with category and price; saved to plan.menuItems[]; counter 'x of y menu items linked'"
"HC-AD-016","4","Platform engineer","Admin console","/admin/subscriptions","Subscription Plans","Dialog 'Active · Plan visible to users' switch","working","no","unit (pricing) · e2e (Playwright)","Sets plan.isActive"
"HC-AD-017","4","Platform engineer","Admin console","/admin/subscriptions","Subscription Plans","Dialog footer Cancel / Create | Update","working","no","e2e (Playwright)","Cancel closes; submit validates then mutates CG.mock.plans and re-renders the table"
"HC-AD-018","4","Platform engineer","Admin console","/admin/subscriptions","Subscription Plans","Validation toast 'Validation · Plan name is required'","working","no","unit (pricing) · e2e (Playwright)","Destructive toast when the name is empty; focus returns to the field"
"HC-AD-019","4","Platform engineer","Admin console","/admin/subscriptions","Subscription Plans","Toasts 'Created' / 'Updated' / 'Failed to save'","working","no","e2e (Playwright)","Success toasts after save; 'Failed to save' is raised if the in-memory mutation throws"
"HC-AD-020","4","Platform engineer","Admin console","/admin/menu-pricing","Menu Pricing Master","Page title + subtitle","static","no","visual (screenshot diff)","'Menu Pricing Master' / 'Manage menu items linked to subscription plans'"
"HC-AD-021","4","Platform engineer","Admin console","/admin/menu-pricing","Menu Pricing Master","'+ New Item' button","working","no","e2e (Playwright)","Opens 'New Menu Item' dialog"
"HC-AD-022","4","Platform engineer","Admin console","/admin/menu-pricing","Menu Pricing Master","Card 'All Menu Items (N)' table: Display Name, Category, Price (₹), Status, Actions (+ linked plans count)","working","no","e2e (Playwright)","Rendered from CG.mock.menuItems; 'Linked plans' column counts plans referencing the item"
"HC-AD-023","4","Platform engineer","Admin console","/admin/menu-pricing","Menu Pricing Master","Status switch per item","working","no","unit (pricing) · e2e (Playwright)","Toggles isActive, toast 'Updated' (the bundle's 'Failed to update status' path is never hit in the mock)"
"HC-AD-024","4","Platform engineer","Admin console","/admin/menu-pricing","Menu Pricing Master","Edit (pencil) action → 'Edit Menu Item' dialog","working","no","e2e (Playwright)","Pre-fills the form; renaming an item also renames it inside every plan's menuItems list"
"HC-AD-025","4","Platform engineer","Admin console","/admin/menu-pricing","Menu Pricing Master","Empty state 'No Menu Items · Add menu items that can be linked to plans · + Add Item'","working","no","e2e (Playwright)","Shown when the list is empty"
"HC-AD-026","4","Platform engineer","Admin console","/admin/menu-pricing","Menu Pricing Master","Dialog fields: 'Display Name *' (e.g. Reports Export), Category (e.g. Trading, Analytics, Data), 'Price (₹)' number, Active switch","working","no","unit (pricing) · e2e (Playwright)","Saved to CG.mock.menuItems"
"HC-AD-027","4","Platform engineer","Admin console","/admin/menu-pricing","Menu Pricing Master","Validation 'Validation · Display Name is required'","working","no","unit (pricing) · e2e (Playwright)","Destructive toast on empty name"
"HC-AD-028","4","Platform engineer","Admin console","/admin/menu-pricing","Menu Pricing Master","Toasts 'Created' / 'Updated' / 'Failed to save'; footer Cancel / Create | Update","working","no","e2e (Playwright)","Same save pipeline as plans"
"HC-AD-029","4","Platform engineer","Admin console","/admin/coupons","Coupon Code Master","Page title + subtitle, '+ New Coupon' button","working","no","e2e (Playwright) · api contract","'Coupon Code Master' / 'Manage discount coupons'; button opens 'New Coupon' dialog"
"HC-AD-030","4","Platform engineer","Admin console","/admin/coupons","Coupon Code Master","Card 'All Coupons (N)' table: Code, Discount, Type, Validity, Plans, Uses, Status, Actions","working","no","e2e (Playwright) · api contract · security","Code in mono with description; Discount '20%' or '₹500' (+ min order); Type badge Public / Community (+ assigned users count); Validity 'starts → expires' with red 'Expired' when past; Plans as badges (interval list in tooltip); Uses 'used / max' + per-user limit"
"HC-AD-031","4","Platform engineer","Admin console","/admin/coupons","Coupon Code Master","Status switch per coupon","working","no","unit (pricing) · e2e (Playwright) · api contract","Toggles isActive, toast 'Updated'"
"HC-AD-032","4","Platform engineer","Admin console","/admin/coupons","Coupon Code Master","Edit (pencil) → 'Edit Coupon' dialog","working","no","e2e (Playwright) · api contract","Pre-fills every field incl. assigned users and plan×interval grid; submit 'Update'"
"HC-AD-033","4","Platform engineer","Admin console","/admin/coupons","Coupon Code Master","Delete (trash) → confirm 'Delete Coupon? · This action cannot be undone. The coupon will be permanently deleted.' → toast 'Deleted'","working","no","unit (pricing) · e2e (Playwright) · api contract","CG.modal.confirm (destructive); removes the coupon from CG.mock.coupons"
"HC-AD-034","4","Platform engineer","Admin console","/admin/coupons","Coupon Code Master","Empty state 'No Coupons · Create your first coupon code · + Create Coupon'","working","no","e2e (Playwright) · api contract","Shown when the list is empty"
"HC-AD-035","4","Platform engineer","Admin console","/admin/coupons","Coupon Code Master","Dialog 'Code *' (placeholder BASIC20, forced uppercase)","working","no","e2e (Playwright)","Input filter uppercases and strips invalid characters; duplicate codes rejected"
"HC-AD-036","4","Platform engineer","Admin console","/admin/coupons","Coupon Code Master","Dialog 'Coupon Type': Public (All listed) / Community (Assigned to specific users & their referrals)","working","no","unit (pricing) · e2e (Playwright) · api contract","Select mapped to scope public_all_listed / private_community_listed"
"HC-AD-037","4","Platform engineer","Admin console","/admin/coupons","Coupon Code Master","'Assign to Users' block (Community only): 'Search users...', Select All / Deselect All / '↔ Invert' (title 'Invert selection'), checkbox list, 'x of y users selected', 'No users found'","working","no","e2e (Playwright) · api contract","Appears when type = Community; list from CG.mock.users; bulk buttons act on the filtered set; saved to coupon.assignedUsers"
"HC-AD-038","4","Platform engineer","Admin console","/admin/coupons","Coupon Code Master","Dialog fields Description, 'Discount Type' Percent/Fixed, 'Discount Value', 'Min Order (₹)', 'Max Uses', 'Per User Limit', 'Starts At', 'Expires At'","working","no","e2e (Playwright) · api contract · security","Number/date inputs saved on the coupon; percent > 100 rejected"
"HC-AD-039","4","Platform engineer","Admin console","/admin/coupons","Coupon Code Master","'Applicable Plans & Intervals' grid (plan × Monthly/Quarterly/Yearly checkboxes; 'No plans available')","working","no","e2e (Playwright) · api contract","Built from CG.mock.plans; saved as coupon.planIntervals plus flat plans[]/intervals[]"
"HC-AD-040","4","Platform engineer","Admin console","/admin/coupons","Coupon Code Master","Active switch, footer Cancel / Create | Update","working","no","unit (pricing) · e2e (Playwright)","Standard save pipeline"
"HC-AD-041","4","Platform engineer","Admin console","/admin/coupons","Coupon Code Master","Validation 'Validation · Code is required'; toasts Created / Updated / Failed to save","working","no","unit (pricing) · e2e (Playwright)","Destructive toast on empty code"
"HC-AD-042","4","Platform engineer","Admin console","/admin/user-subscriptions","User Subscriptions","Page title + subtitle, tabs 'Users' / 'Commissions'","working","no","e2e (Playwright)","'User Subscriptions' / 'Manage users and commissions'; tabs switch panels (also via ?tab= query)"
"HC-AD-043","4","Platform engineer","Admin console","/admin/user-subscriptions","User Subscriptions","Users tab header 'Users (N)' with search 'Search by name or email...' and Status select (All Statuses / Active / Expired / Cancelled / Free)","working","no","unit (pricing) · e2e (Playwright) · security","Filters CG.mock.users live; count reflects the filtered list"
"HC-AD-044","4","Platform engineer","Admin console","/admin/user-subscriptions","User Subscriptions","Users table columns: User (name, email), Plan (badge; 'Free Plan'), Expiry, Validity, Referrals, Commission %, Account, Limits","working","no","e2e (Playwright) · api contract","10 rows per page from the filtered list"
"HC-AD-045","4","Platform engineer","Admin console","/admin/user-subscriptions","User Subscriptions","Expiry cell: date + 'N d left', '(Soon)' when under 7 days, 'Expired N d ago' when past","working","no","e2e (Playwright)","Computed against the mock clock CG.NOW"
"HC-AD-046","4","Platform engineer","Admin console","/admin/user-subscriptions","User Subscriptions","Inline edit of Validity (days), Referrals and Commission % ('Click to edit')","working","no","e2e (Playwright) · api contract","Click → number input; Enter saves (toast 'Updated', validity also recomputes endsAt), Escape / blur cancels"
"HC-AD-047","4","Platform engineer","Admin console","/admin/user-subscriptions","User Subscriptions","Account toggle button Active / Deactive","working","no","unit (pricing) · e2e (Playwright)","Flips user.activated, toast 'Updated'"
"HC-AD-048","4","Platform engineer","Admin console","/admin/user-subscriptions","User Subscriptions","Limits icon 'Edit feature limits' → dialog 'Feature Limits'","working","no","unit (pricing) · e2e (Playwright) · security","Paper Trading Limit / Live Trading Limit inputs with 'trades / month' suffix and hint 'Set to 0 for plan default. Higher values override plan limit.'; 'Save Limits' shows 'Saving...' then toast 'Updated'"
"HC-AD-049","4","Platform engineer","Admin console","/admin/user-subscriptions","User Subscriptions","Per-user 'Lot size settings' icon → dialog with BTC / ETH / XAUT lot sizes","confirmed","no","visual (screenshot diff)","Per-user lot sizes are edited inside the user drawer's Limits tab (not a separate icon), validated as > 0, written to the audit log with before/after values, and take effect on the user's next chain load."
"HC-AD-050","4","Platform engineer","Admin console","/admin/user-subscriptions","User Subscriptions","Pagination 'Page x of y · N users · ← Previous · Next →' (10 per page)","working","no","e2e (Playwright)","Buttons disabled at the ends; resets to page 1 on filter change"
"HC-AD-051","4","Platform engineer","Admin console","/admin/user-subscriptions","User Subscriptions","Users empty state 'No users found'","working","no","e2e (Playwright)","Shown when search/status filter matches nothing"
"HC-AD-052","4","Platform engineer","Admin console","/admin/user-subscriptions","User Subscriptions","Commissions tiles: Total Commission / Paid / Pending (₹)","working","no","e2e (Playwright)","Sums over the filtered CG.mock.commissions"
"HC-AD-053","4","Platform engineer","Admin console","/admin/user-subscriptions","User Subscriptions","Commissions filters: 'Search referrer name...', 'Filter by month' select (All Months + months), 'Clear'","working","no","e2e (Playwright)","Filters the table and tiles; Clear resets both"
"HC-AD-054","4","Platform engineer","Admin console","/admin/user-subscriptions","User Subscriptions","Commissions table: Referrer, Referrals, Commission %, Total, Paid, Pending, Status, Action","working","no","e2e (Playwright) · api contract","Status badge Paid / Pending / Not Paid; 'Mark Paid' only while pending; 'View' (eye) always"
"HC-AD-055","4","Platform engineer","Admin console","/admin/user-subscriptions","User Subscriptions","Empty state 'No commissions found'","working","no","e2e (Playwright)","Shown when filters match nothing"
"HC-AD-056","4","Platform engineer","Admin console","/admin/user-subscriptions","User Subscriptions","'View' → dialog ""<Name>'s Referrals · N referred user(s)"": table User, Joined (dd MMM yyyy), Plan, Amount, Commission, Status Paid/Not Paid + 'Total: ₹ · Paid: ₹ · Pending: ₹', Close","working","no","e2e (Playwright) · api contract","Per-referral rows generated deterministically from CG.mock.users and stored on the commission record (CG.mock.commissions[i].details)"
"HC-AD-057","4","Platform engineer","Admin console","/admin/user-subscriptions","User Subscriptions","'Mark Paid' → dialog 'Mark Payment — <Name> · Total: ₹x': Payment Status radio '✓ Paid' / '✗ Not Paid', 'Proof Link per Referral' inputs, 'Comment' textarea, Cancel / 'Confirm Paid' | 'Confirm Not Paid' ('Saving...')","working","no","e2e (Playwright) · api contract · security","Paid marks all pending referrals paid (record → Paid, pending 0); Not Paid requires a comment ('Reason for not paying (required)') and marks the record Not Paid; proof URLs validated and stored per referral"
"HC-AD-058","4","Platform engineer","Admin console","/admin/user-subscriptions","User Subscriptions","'Bulk pay' button (all pending commissions)","confirmed","no","e2e (Playwright) · api contract","'Bulk pay' requires a payment reference (UTR / transaction id) and shows the total and count before confirming; on confirm every pending commission is marked paid with that reference, a CSV of the batch is offered, and the action is audit-logged. Individual 'Mark Paid' remains for exceptions."
"HC-AD-059","4","Platform engineer","Admin console","/admin/banners","Banner Master","Page title + subtitle, '+ New Banner' button","working","no","unit (pricing) · e2e (Playwright)","'Banner Master' / 'Manage promotional banners and popups'; opens 'New Banner' dialog"
"HC-AD-060","4","Platform engineer","Admin console","/admin/banners","Banner Master","Card 'All Banners (N)' table: Image (thumbnail), Title (+ description, link), Type (popup), Frequency, Schedule, Active, Actions","working","no","unit (pricing) · e2e (Playwright)","Thumbnail renders the uploaded data-URL or a gradient; schedule shows 'Showing now' / 'Scheduled / ended' / 'Hidden'"
"HC-AD-061","4","Platform engineer","Admin console","/admin/banners","Banner Master","Active switch per banner","working","no","unit (pricing) · e2e (Playwright)","Toggles isActive, toast 'Updated'"
"HC-AD-062","4","Platform engineer","Admin console","/admin/banners","Banner Master","Edit (pencil) → 'Edit Banner' dialog; submit 'Save Changes'","working","no","e2e (Playwright)","Pre-fills fields; image hint '(leave empty to keep current)'"
"HC-AD-063","4","Platform engineer","Admin console","/admin/banners","Banner Master","Delete (trash) → confirm 'Delete banner? · This permanently removes the banner. This action cannot be undone.' → toast 'Deleted'","working","no","unit (pricing) · e2e (Playwright)","Destructive confirm; removes from CG.mock.banners"
"HC-AD-064","4","Platform engineer","Admin console","/admin/banners","Banner Master","Empty state 'No Banners · Create your first banner · + Create Banner'","working","no","e2e (Playwright)","Shown when the list is empty"
"HC-AD-065","4","Platform engineer","Admin console","/admin/banners","Banner Master","Dialog fields: Title (Welcome Offer), Description (Get 20% off your first plan), Link URL (https://coingreek.com/offers), 'Starts At (optional)' / 'Ends At (optional)' datetime-local, Frequency select (once_per_day / every_time / once_per_session)","working","no","unit (pricing) · e2e (Playwright)","Ids banner-title, banner-description, banner-link, banner-starts, banner-ends; link must be http(s); end must be after start"
"HC-AD-066","4","Platform engineer","Admin console","/admin/banners","Banner Master","'Image' file input (accept image/*, 'Maximum size 5 MB') with Preview","working","no","e2e (Playwright)","FileReader renders the chosen file; non-images → 'Invalid image · Only image files are allowed'; > 5 MB → 'Invalid image · Image must be 5 MB or smaller'"
"HC-AD-067","4","Platform engineer","Admin console","/admin/banners","Banner Master","'Use gradient' fallback (mock only)","confirmed","no","visual (screenshot diff)","Production requires an uploaded image (PNG/JPG/WebP, max 5 MB, recommended 1200×630); the form shows a live preview and a size/format validation message. No gradient fallback in the real product."
"HC-AD-068","4","Platform engineer","Admin console","/admin/banners","Banner Master","Active switch, footer Cancel / 'Create Banner' | 'Save Changes'","working","no","unit (pricing) · e2e (Playwright)","Standard save pipeline; new banners are inserted at the top"
"HC-AD-069","4","Platform engineer","Admin console","/admin/banners","Banner Master","Validation 'Validation · Title is required' and 'Validation · Image is required' (create only); toasts Created / Updated / Failed to save","working","no","unit (pricing) · e2e (Playwright)","Destructive toasts; image check skipped when editing"
"HC-AD-070","4","Platform engineer","Admin console","/admin/banners","Banner Master","Error state ""Couldn't load banners · Retry""","confirmed","no","e2e (Playwright)","Banners page has an error state 'Couldn't load banners' with Retry; when a cached list exists it is shown with a 'showing last loaded data' notice."
"HC-AD-071","4","Platform engineer","Admin console","/admin/emails","Promotional Emails","Page title 'Promotional Emails' with tabs Compose / History","working","no","e2e (Playwright)","Tabs switch panels; sending a campaign switches to History automatically"
"HC-AD-072","4","Platform engineer","Admin console","/admin/emails","Promotional Emails","'Recipients' card with 'N selected' badge","working","no","e2e (Playwright)","Badge tracks the selection set"
"HC-AD-073","4","Platform engineer","Admin console","/admin/emails","Promotional Emails","Recipient search 'Search users by name or email'","working","no","unit (pricing) · e2e (Playwright) · security","Filters the checkbox list live"
"HC-AD-074","4","Platform engineer","Admin console","/admin/emails","Promotional Emails","'Segment' select: All users / Paid users / Free users / Expired","working","no","e2e (Playwright)","Filters CG.mock.users by status/plan"
"HC-AD-075","4","Platform engineer","Admin console","/admin/emails","Promotional Emails","'Select all (N)' / 'Clear' buttons","working","no","e2e (Playwright)","Select all adds every visible user; Clear empties the selection"
"HC-AD-076","4","Platform engineer","Admin console","/admin/emails","Promotional Emails","Recipient checkbox list with status badges; 'No users match the search.'","working","no","e2e (Playwright)","Toggling a checkbox updates the selection, badge and preview"
"HC-AD-077","4","Platform engineer","Admin console","/admin/emails","Promotional Emails","'Subject' (placeholder 'Your report is ready') and 'Message' textarea","working","no","e2e (Playwright)","Ids promo-subject / promo-message; both required to enable Send"
"HC-AD-078","4","Platform engineer","Admin console","/admin/emails","Promotional Emails","'Insert:' placeholder chips {{name}} {{email}} {{plan}} {{expiry}} ('into the last-focused field')","working","no","e2e (Playwright)","Inserts at the caret of whichever field was focused last (defaults to Message)"
"HC-AD-079","4","Platform engineer","Admin console","/admin/emails","Promotional Emails","'Preview for <first selected user>' card","working","no","e2e (Playwright)","Renders subject and message with placeholders filled from the first selected user; highlights raw placeholders when nobody is selected"
"HC-AD-080","4","Platform engineer","Admin console","/admin/emails","Promotional Emails","'Send Email' → confirm 'Send to N user(s)? · N selected user(s). Placeholders are filled per recipient.' Cancel / Confirm","working","no","e2e (Playwright)","Confirm dialog; button disabled until recipients, subject and message are set"
"HC-AD-081","4","Platform engineer","Admin console","/admin/emails","Promotional Emails","Sending: 'Sending...' state, toast 'Emails sent', campaign added to CG.mock.campaigns, compose form reset, switch to History","working","no","unit (pricing) · e2e (Playwright) · security","Simulated delivery with a small failure rate on large sends; 'Send failed · Please try again.' path guarded"
"HC-AD-082","4","Platform engineer","Admin console","/admin/emails","Promotional Emails","History table: Subject, Sent at, Recipients, Delivered, Failed, Sent by (click a row for details)","working","no","unit (pricing) · e2e (Playwright) · security","Rendered from CG.mock.campaigns, newest first; rows are keyboard-accessible"
"HC-AD-083","4","Platform engineer","Admin console","/admin/emails","Promotional Emails","History empty state 'No campaigns sent yet.'","working","no","e2e (Playwright)","Shown when CG.mock.campaigns is empty"
"HC-AD-084","4","Platform engineer","Admin console","/admin/emails","Promotional Emails","Campaign detail: '← Back to campaigns', subject, 'Sent <date> · By <name>', tiles Recipients / Delivered / Failed / Success %","working","no","unit (pricing) · e2e (Playwright) · security","Per-campaign view inside the History tab"
"HC-AD-085","4","Platform engineer","Admin console","/admin/emails","Promotional Emails","Campaign recipients table: Name, Email, Status, Sent at, Error; 'No recipients recorded.'; pagination 'Page x of y · ← Prev · Next →' (10 per page)","working","no","e2e (Playwright)","Recipient rows for seeded campaigns are generated deterministically from CG.mock.users; failed rows carry an SMTP-style error"
"HC-AD-086","4","Platform engineer","Admin console","/admin/users","User Management","Page title 'User Management' with 'N users' subtitle and search 'Search by name or email'","working","no","e2e (Playwright)","Count from CG.mock.users; search filters name/email and shows the match count"
"HC-AD-087","4","Platform engineer","Admin console","/admin/users","User Management","Table: Name, Email, Plan, Status, Subscribed, Ends, Joined, Referral code (mono), Commission %, Referrals","working","no","unit (pricing) · e2e (Playwright) · api contract","10 rows per page; status badge per user state, 'deactivated' note for disabled accounts"
"HC-AD-088","4","Platform engineer","Admin console","/admin/users","User Management","Empty state 'No users found.'","working","no","e2e (Playwright)","Shown when the search matches nothing"
"HC-AD-089","4","Platform engineer","Admin console","/admin/users","User Management","Pagination 'Page x of y · N users · ← Prev · Next →'","working","no","e2e (Playwright)","Chevron buttons, disabled at the ends"
"HC-AD-090","4","Platform engineer","Admin console","/admin/users","User Management","Row click → user detail drawer","working","no","e2e (Playwright)","Row click or Enter opens the quick-view drawer (profile, subscription, referrals, limits, lot sizes, history as a tab; ADR-032). Esc, scrim and ✕ close the drawer; focus is trapped while open. A full page /admin/users/:id is not needed while every edit fits the drawer."
"HC-AD-091","4","Platform engineer","Admin console","/admin","Admin (index)","Palette commands 'Admin → …'","working","yes","e2e (Playwright) · api contract · security","Seven commands (Users, Plans, Menu Pricing, Coupons, User Subscriptions, Banners, Emails) registered with CG.palette.register when the chrome exposes it"
"HC-AD-092","4","Platform engineer","Admin console","/admin","Admin (index)","Sticky filter row on every page","working","yes","e2e (Playwright)","Search + selects + the tools cluster (row count, Columns ▾, Copy CSV) stick under the 50px header while the table scrolls"
"HC-AD-093","4","Platform engineer","Admin console","/admin","Admin (index)","Column visibility menu ('Columns ▾')","working","yes","e2e (Playwright) · api contract · security","Checkbox menu per table (menu stays open while toggling); at least one column must stay; Reset to default; choices persisted in CG.state.adminCols[page] via CG.saveState()"
"HC-AD-094","4","Platform engineer","Admin console","/admin","Admin (index)","Sortable column headers","working","yes","e2e (Playwright)","Sortable columns show a ▲/▼ indicator; click toggles direction; numeric columns default to descending"
"HC-AD-095","4","Platform engineer","Admin console","/admin","Admin (index)","Bulk selection + floating action bar","working","yes","e2e (Playwright)","Header checkbox selects every filtered row, row checkboxes toggle one; a floating bar at the bottom shows the count, per-page actions and Clear; selected rows are tinted"
"HC-AD-096","4","Platform engineer","Admin console","/admin","Admin (index)","Copy CSV of the current view","working","yes","e2e (Playwright)","Copies the filtered + sorted rows with only the visible (non-action) columns as CSV and toasts rows × columns"
"HC-AD-097","4","Platform engineer","Admin console","/admin","Admin (index)","Improved empty states","working","yes","e2e (Playwright)","Icon + one-line hint + primary action (Create … / Invite user / Compose) when there is no data, and a Clear filters action when filters hide everything"
"HC-AD-098","4","Platform engineer","Admin console","/admin","Admin (index)","Row density","working","yes","e2e (Playwright) · api contract · security","All admin tables switch between 36px and 28px rows on CG.emit('density', …)"
"HC-AD-099","4","Platform engineer","Admin console","/admin/users","User Management","Plan + status filters","working","yes","unit (pricing) · e2e (Playwright)","Plan select (from CG.mock.plans) and status select (Active / Expired / Cancelled / Free / Deactivated) combine with the search"
"HC-AD-100","4","Platform engineer","Admin console","/admin/users","User Management","Bulk actions: Activate / Deactivate / Set plan / Export CSV","working","yes","unit (pricing) · e2e (Playwright)","Activate and Deactivate flip activated for the selection; Set plan opens a menu of plans and moves the users (yearly, dates recomputed); Export CSV copies only the selected rows"
"HC-AD-101","4","Platform engineer","Admin console","/admin/users","User Management","User detail drawer","working","yes","unit (pricing) · e2e (Playwright) · api contract · security","Slides in from the right (560px) with avatar initials, name, plan/status/admin/deactivated pills, email · mobile · joined, and tabs Profile / Subscription / Referrals / Limits / Lot sizes"
"HC-AD-102","4","Platform engineer","Admin console","/admin/users","User Management","'Impersonate (mock)' button","confirmed","yes","visual (screenshot diff)","In the drawer header; toasts that you would now see the app as this user"
"HC-AD-103","4","Platform engineer","Admin console","/admin/users","User Management","Drawer · Profile tab","working","yes","unit (pricing) · e2e (Playwright) · api contract","Key/value grid (name, email, mobile, role, joined, last login, referral code, amount paid, account, id) with Copy email and Activate/Deactivate account buttons"
"HC-AD-104","4","Platform engineer","Admin console","/admin/users","User Management","Drawer · Subscription tab","working","yes","e2e (Playwright)","Plan, interval, status, subscribed, ends, validity, amount paid, days left plus a Change plan form (plan + interval → Set plan) that updates the user and the table"
"HC-AD-105","4","Platform engineer","Admin console","/admin/users","User Management","Drawer · Referrals tab","working","yes","e2e (Playwright) · api contract","Referral code, commission %, count and earned, then the referred users table from the commission records or an empty state; link to Commissions"
"HC-AD-106","4","Platform engineer","Admin console","/admin/users","User Management","Drawer · Limits tab","working","yes","unit (pricing) · e2e (Playwright) · security","Paper / live trading limit form with the plan default in the hint; Save Limits toasts"
"HC-AD-107","4","Platform engineer","Admin console","/admin/users","User Management","Drawer · Lot sizes tab","working","yes","e2e (Playwright)","BTC / ETH / XAUT lot size form (validates > 0); saving the demo user also updates CG.state.lotSizes"
"HC-AD-108","4","Platform engineer","Admin console","/admin/users","User Management","Invite user dialog (mock)","working","yes","e2e (Playwright)","Header primary action: name, email (validated, must be unique) and plan; creates the user in CG.mock.users and toasts Invitation sent"
"HC-AD-109","4","Platform engineer","Admin console","/admin/users","User Management","Hideable extra columns","working","yes","e2e (Playwright) · api contract","Mobile and Last login are available in the Columns menu but hidden by default"
"HC-AD-110","4","Platform engineer","Admin console","/admin/subscriptions","Subscription Plans","Search + status filter","working","yes","unit (pricing) · e2e (Playwright)","Filters plans by name/description and Active/Inactive"
"HC-AD-111","4","Platform engineer","Admin console","/admin/subscriptions","Subscription Plans","Bulk Activate / Deactivate","working","yes","unit (pricing) · e2e (Playwright)","Selected plans are toggled and plans:changed is emitted"
"HC-AD-112","4","Platform engineer","Admin console","/admin/subscriptions","Subscription Plans","Limits and Features columns","working","yes","unit (pricing) · e2e (Playwright) · security","Yearly paper/live limits column, plus a hideable Features column (features · menu items count)"
"HC-AD-113","4","Platform engineer","Admin console","/admin/menu-pricing","Menu Pricing Master","Search, category and status filters","working","yes","e2e (Playwright)","Category options are built from the data; all three combine"
"HC-AD-114","4","Platform engineer","Admin console","/admin/menu-pricing","Menu Pricing Master","Bulk Activate / Deactivate","working","yes","unit (pricing) · e2e (Playwright)","Toggles the selected menu items"
"HC-AD-115","4","Platform engineer","Admin console","/admin/coupons","Coupon Code Master","Search, type and status filters","working","yes","unit (pricing) · e2e (Playwright)","Code/description search, Public/Community type, Active / Inactive / Expired status"
"HC-AD-116","4","Platform engineer","Admin console","/admin/coupons","Coupon Code Master","Bulk Activate / Deactivate / Delete","working","yes","unit (pricing) · e2e (Playwright) · api contract","Delete asks for confirmation listing the codes, then removes them and emits coupons:changed"
"HC-AD-117","4","Platform engineer","Admin console","/admin/user-subscriptions","User Subscriptions","Users tab bulk Activate / Deactivate","working","yes","unit (pricing) · e2e (Playwright)","Flips the account flag for the selected users; the Account cell is now a clickable status pill"
"HC-AD-118","4","Platform engineer","Admin console","/admin/user-subscriptions","User Subscriptions","Commissions · Paid vs pending by month chart","working","yes","e2e (Playwright)","Grouped SVG bars per commission month: paid solid green, pending hatched; ₹ axis, tooltips, legend and a still-pending readout; tiles above, table below"
"HC-AD-119","4","Platform engineer","Admin console","/admin/user-subscriptions","User Subscriptions","Commissions bulk 'Mark paid'","working","yes","e2e (Playwright)","Select referrers → Mark paid confirms the pending amount and settles them; Bulk pay (header primary) still settles everyone"
"HC-AD-120","4","Platform engineer","Admin console","/admin/user-subscriptions","User Subscriptions","Tabs restyled + header primary","working","yes","e2e (Playwright)","Users / Commissions as underline tabs in the title row; Bulk pay is the amber header action on the Commissions tab"
"HC-AD-121","4","Platform engineer","Admin console","/admin/banners","Banner Master","'Preview as user' popup","working","yes","unit (pricing) · e2e (Playwright)","Monitor icon per row (and a Preview as user button inside the form using the current values) opens the popup exactly as a logged-in user sees it: image, title, description, Don’t show again, Dismiss and Learn more"
"HC-AD-122","4","Platform engineer","Admin console","/admin/banners","Banner Master","Status + frequency filters","working","yes","unit (pricing) · e2e (Playwright)","Showing now / Active / Inactive and the three frequency rules combine with search"
"HC-AD-123","4","Platform engineer","Admin console","/admin/banners","Banner Master","Bulk Activate / Deactivate","working","yes","unit (pricing) · e2e (Playwright)","Toggles isActive on the selection"
"HC-AD-124","4","Platform engineer","Admin console","/admin/emails","Promotional Emails","Template picker","working","yes","e2e (Playwright)","Weekly report / Plan expiring / New feature chips fill subject and message (placeholders included) and toast"
"HC-AD-125","4","Platform engineer","Admin console","/admin/emails","Promotional Emails","'Test send to me' button","working","yes","e2e (Playwright) · api contract · security","Validates subject/message, shows a sending state and toasts a test email to the admin address with placeholders filled from the admin profile"
"HC-AD-126","4","Platform engineer","Admin console","/admin/emails","Promotional Emails","History sticky search + columns + CSV","working","yes","e2e (Playwright)","Campaign history is a grid with subject/segment search, hideable Segment column, sortable headers and Copy CSV; no bulk actions"
"HC-AD-127","4","Platform engineer","Admin console","/admin/emails","Promotional Emails","Recipients Copy CSV","working","yes","unit (pricing) · e2e (Playwright) · security","Campaign detail copies the per-recipient delivery rows as CSV"
"HC-AD-128","4","Platform engineer","Admin console","/admin/emails","Promotional Emails","Send Email as header primary","working","yes","unit (pricing) · e2e (Playwright) · security","The amber Send Email button lives in the title row next to the Compose / History tabs and hides on History"
"HC-MA-001","5","Analytics engineer","Market Analytics app","/analytics","Market Analytics (index)","/analytics redirects to /analytics/coinglass","working","no","e2e (Playwright) · api contract","Section with data-redirect; the router replaces the hash with #/analytics/coinglass (login required)"
"HC-MA-002","5","Analytics engineer","Market Analytics app","/markets","Markets (legacy path)","/markets redirects to /analytics/coinglass","working","no","e2e (Playwright)","data-redirect section, same as /analytics"
"HC-MA-003","5","Analytics engineer","Market Analytics app","/analytics/*","Market Analytics shell","Shared header: HapieCoin mark + 'Market Analytics' title","working","no","unit (pricing) · e2e (Playwright) · api contract · security","CG.chrome['analytics-tabs'] renders the v2 shared header (same header as /terminal): logo, 'Market Analytics' title, '← Analyse' link, Live pill, coin search, Ctrl K palette button, theme toggle"
"HC-MA-004","5","Analytics engineer","Market Analytics app","/analytics/*","Market Analytics shell","'← Analyse' back link","working","no","e2e (Playwright)","Navigates to #/analyse (the trading workspace)"
"HC-MA-005","5","Analytics engineer","Market Analytics app","/analytics/*","Market Analytics shell","Coin search box 'Search coin...' with dropdown","working","no","e2e (Playwright)","Typing filters CG.mock.coins by symbol/name (top 8; empty query shows top coins by market cap); click, Enter or ↑/↓ + Enter opens #/analytics/coin/SYM; Esc closes; 'No coins match' state"
"HC-MA-006","5","Analytics engineer","Market Analytics app","/analytics/*","Market Analytics shell","Theme toggle (sun/moon) in the shared header","working","no","unit (pricing) · e2e (Playwright)","Button calls CG.theme.toggle(); the analytics app now follows the page theme (html.dark). The private cg2-theme toggle and localStorage key were removed; both light and dark are token-based"
"HC-MA-007","5","Analytics engineer","Market Analytics app","/analytics/*","Market Analytics shell","Section switcher spanning both apps: Hub · Futures · Markets · Derivatives · Options · ETF · Liquidations · Whales · Sentiment · Terminal ▾","working","no","unit (pricing) · e2e (Playwright)","One tab bar under the header; the active tab gets an animated amber underline (section-tab-indicator); /analytics/coin/* highlights Markets; Terminal ▾ opens a grouped dropdown of every terminal page and is active on /terminal/*"
"HC-MA-008","5","Analytics engineer","Market Analytics app","/analytics/*","Market Analytics shell","Footer note 'Market data · auto-refreshing · intervals vary per dataset'","working","no","e2e (Playwright)","Static footer on every analytics screen"
"HC-MA-009","5","Analytics engineer","Market Analytics app","/analytics/*","Market Analytics shell","Reusable inline-SVG chart helper (line/area with gradient, bars ±, stacked/grouped bars, dual axis, log axis, regions/bands, gauge, treemap, donut, sparkline)","working","no","e2e (Playwright)","CG2.chart (shared with /terminal): line/area/bars/stacked/dual axis/log/regions/bands + v2 timeframe chips, toggleable legend, crosshair tooltip with all series, hover dots, last-value tags, faint horizontal grid only, 10.5px DM Mono axis labels, skeleton first paint and empty state. Colours only from tokens: price = foreground, OI/secondary = --curve, up/down = profit/loss, accent marks = --primary"
"HC-MA-010","5","Analytics engineer","Market Analytics app","/analytics/*","Market Analytics shell","Chart tooltips with crosshair on hover","working","no","e2e (Playwright)","Moving over any main chart shows a dashed crosshair at the nearest data point and a tooltip listing every series value (plus extras such as Ratio/Total/Band)"
"HC-MA-011","5","Analytics engineer","Market Analytics app","/analytics/*","Market Analytics shell","DataTable: sortable headers, sticky header, right-aligned mono numbers, heat-coloured % cells (HeatCell)","working","no","e2e (Playwright)","CG2.table (shared with /terminal): sticky header inside a scroll container, sortable columns, right-aligned DM Mono numbers, heat cells for %, plus v2 toolbar: per-table search (auto when > 15 rows), row count, Columns ▾ visibility menu, CSV copy, watchlist star column, compare checkbox column; 36px rows (28px when CG.state.density === ""compact"")"
"HC-MA-012","5","Analytics engineer","Market Analytics app","/analytics/coinglass","Markets Hub","Stat tile: Open Interest with 'OI Change 24h'","working","no","unit (pricing) · e2e (Playwright)","CG.mock.global.totalOi ($62.4B) with 24h change derived from CG.mock.oiHistory"
"HC-MA-013","5","Analytics engineer","Market Analytics app","/analytics/coinglass","Markets Hub","Stat tile: Liquidation (24h) with long/short split bar","working","no","e2e (Playwright)","global.liq24h with L/S amounts and a green/red proportion bar"
"HC-MA-014","5","Analytics engineer","Market Analytics app","/analytics/coinglass","Markets Hub","Stat tile: AVG RSI with oversold/neutral/overbought badge","working","no","e2e (Playwright)","global.avgRsi; badge text follows the bundle's oversold/neutral/overbought states"
"HC-MA-015","5","Analytics engineer","Market Analytics app","/analytics/coinglass","Markets Hub","Stat tile: Altcoin Season Index gauge (0-100)","working","no","e2e (Playwright)","Semi-circular gauge (Bitcoin season / neutral / altcoin season segments) with needle at global.altSeason"
"HC-MA-016","5","Analytics engineer","Market Analytics app","/analytics/coinglass","Markets Hub","Stat tile: Gold Futures (GC=F) and U.S. Dollar Index (DX-Y.NYB)","working","no","e2e (Playwright)","Price and signed % change from global.gold/dxy (original fetched a tradfi-quote endpoint)"
"HC-MA-017","5","Analytics engineer","Market Analytics app","/analytics/coinglass","Markets Hub","Stat tile: Bitcoin Dominance (with ETH dominance and total cap)","working","no","e2e (Playwright)","global.btcDominance / ethDominance / totalMarketCap (original: coingecko global)"
"HC-MA-018","5","Analytics engineer","Market Analytics app","/analytics/coinglass","Markets Hub","Stat tile: Bitcoin Exchange Balance with Δ 24h","working","no","e2e (Playwright)","global.btcExchangeBalance; Δ weighted from CG.mock.exchanges btcBalanceChg24"
"HC-MA-019","5","Analytics engineer","Market Analytics app","/analytics/coinglass","Markets Hub","Stat tile: Fear & Greed Index mini gauge + label","working","no","e2e (Playwright)","Colour-banded gauge with CG.mock.fearGreedNow and fgLabel (Extreme Fear … Extreme Greed)"
"HC-MA-020","5","Analytics engineer","Market Analytics app","/analytics/coinglass","Markets Hub","Stat tile: Long/Short · BTC · Global accounts (Long % / Ratio / Short % bar)","working","no","e2e (Playwright)","Latest CG.mock.lsHistory global ratio converted to long/short percentages with a split bar"
"HC-MA-021","5","Analytics engineer","Market Analytics app","/analytics/coinglass","Markets Hub","Main table tabs: Derivatives / Spot / Stock / Categories / Token Unlock / Memes / L1L2","working","no","unit (pricing) · e2e (Playwright)","Segmented control; Derivatives and Spot list all coins with different column sets, Memes and L1L2 filter by sector, Categories aggregates sectors, Stock and Token Unlock show the original's placeholder"
"HC-MA-022","5","Analytics engineer","Market Analytics app","/analytics/coinglass","Markets Hub","Stock / Token Unlock tabs show 'Cryptocurrency Data Analysis · Coming soon'","working","no","e2e (Playwright)","Placeholder panel exactly as the original"
"HC-MA-023","5","Analytics engineer","Market Analytics app","/analytics/coinglass","Markets Hub","Derivatives table columns: Assets (rank, icon, symbol, name), Price, Price 24h%, Funding, Volume 24h, Market Cap, OI 1h%, OI 24h%, Liquidation 24h","working","no","unit (pricing) · e2e (Playwright)","All columns sortable; % columns are HeatCells; default sort Market Cap desc; row click opens #/analytics/coin/SYM"
"HC-MA-024","5","Analytics engineer","Market Analytics app","/analytics/coinglass","Markets Hub","Spot table columns: Assets, Price, Price 24h%, Volume 24h, Market Cap, 1h%, 4h%, 7d%","working","no","e2e (Playwright)","Spot-oriented column set from the price_change_* fields; sortable; row click opens coin page"
"HC-MA-025","5","Analytics engineer","Market Analytics app","/analytics/coinglass","Markets Hub","Categories table: Category, Coins, Market Cap, Volume 24h, Open Interest, Avg 24h%, Top coin","working","no","e2e (Playwright)","Aggregates CG.mock.coins by sector; row click opens the Markets screener filtered to that category"
"HC-MA-026","5","Analytics engineer","Market Analytics app","/analytics/coinglass","Markets Hub","Assets count label ('50 assets')","working","no","unit (pricing) · e2e (Playwright)","Updates with the active tab / filter"
"HC-MA-027","5","Analytics engineer","Market Analytics app","/analytics/coinglass","Markets Hub","Gainers & Losers panel with Top Gainers / Top Losers toggle","working","no","e2e (Playwright)","Segmented toggle swaps the list (8 rows: asset, price, Chg% heat cell); rows open the coin page"
"HC-MA-028","5","Analytics engineer","Market Analytics app","/analytics/coinglass","Markets Hub","Heatmap (24h) treemap","working","no","e2e (Playwright)","Binary-split treemap of the top 24 coins by market cap, coloured by 24h change intensity; hover shows title, click opens the coin page"
"HC-MA-029","5","Analytics engineer","Market Analytics app","/analytics/coinglass","Markets Hub","Total Bitcoin Spot ETF Net Inflow table (Date, Total) + 'N BTC ETFs tracked' + 'View all →'","working","no","e2e (Playwright)","Last 8 sessions from CG.mock.etfFlows; link opens #/analytics/etf"
"HC-MA-030","5","Analytics engineer","Market Analytics app","/analytics/overview","Futures overview","Tiles: Open Interest (All exchanges), 24h Volume, Liquidations 24h, Fear & Greed, BTC Price, ETH Price, BTC Dominance, Long/Short Ratio (BTC global)","working","no","unit (pricing) · e2e (Playwright) · security","Rendered from CG.mock.global / fearGreed / lsHistory; BTC & ETH price tiles update live on the 'tick' event with a flash"
"HC-MA-031","5","Analytics engineer","Market Analytics app","/analytics/overview","Futures overview","Chart: BTC Price & Open Interest (dual axis)","working","no","e2e (Playwright)","OI area (teal, left axis) + price line (blue, right axis) from CG.mock.oiHistory (96h); crosshair tooltip"
"HC-MA-032","5","Analytics engineer","Market Analytics app","/analytics/overview","Futures overview","Chart: BTC Long / Short Ratio (Long % / Short % stacked bars)","working","no","e2e (Playwright)","Stacked 100% bars from lsHistory (48h) with a 50% reference line; tooltip shows Long %, Short % and Ratio"
"HC-MA-033","5","Analytics engineer","Market Analytics app","/analytics/overview","Futures overview","Fear & Greed Index gauge + label + yesterday/7d/30d values + 30-day sparkline","working","no","e2e (Playwright)","Gauge from fearGreedNow with history from CG.mock.fearGreed"
"HC-MA-034","5","Analytics engineer","Market Analytics app","/analytics/overview","Futures overview","Top Gainers (24h) / Top Losers (24h) tables (Coin, Price, 24h %, Volume)","working","no","e2e (Playwright)","Sortable tables of the 7 best/worst 24h movers; rows open the coin page"
"HC-MA-035","5","Analytics engineer","Market Analytics app","/analytics/overview","Futures overview","Heatmap (24h) treemap","working","no","e2e (Playwright)","Same treemap component, larger; click opens coin page"
"HC-MA-036","5","Analytics engineer","Market Analytics app","/analytics/overview","Futures overview","Total Bitcoin Spot ETF Net Inflow table (Date, Net Flow, Cumulative) + 'N BTC ETFs tracked' + 'View all →'","working","no","unit (pricing) · e2e (Playwright)","Last 10 sessions from etfFlows; link to #/analytics/etf"
"HC-MA-037","5","Analytics engineer","Market Analytics app","/analytics/overview","Futures overview","Footer 'Data via Coinglass · auto-refreshing every 60s'","working","no","e2e (Playwright)","Static note under the grid"
"HC-MA-038","5","Analytics engineer","Market Analytics app","/analytics/markets","Futures Markets Screener","'Search coin...' filter","working","no","e2e (Playwright)","Filters rows by symbol/name as you type; empty state 'No coins match'"
"HC-MA-039","5","Analytics engineer","Market Analytics app","/analytics/markets","Futures Markets Screener","Category chips: All / Layer 1 / Layer 2 / DeFi / Memes driven by ?category=","working","no","unit (pricing) · e2e (Playwright)","Chips navigate to #/analytics/markets?category=<slug>; the query param selects the active chip and filters by coin sector (also reachable from Markets Hub → Categories)"
"HC-MA-040","5","Analytics engineer","Market Analytics app","/analytics/markets","Futures Markets Screener","Table columns: Coin, Price, 24h %, Market Cap, 24h Volume, Open Interest, OI 24h %, L/S Ratio","working","no","e2e (Playwright)","Sortable; heat cells for 24h % and OI 24h %; L/S coloured by >1 / <1; row click opens #/analytics/coin/SYM; footer shows market count"
"HC-MA-041","5","Analytics engineer","Market Analytics app","/analytics/derivatives","Derivatives","Coin selector (BTC default, top 20 by market cap) + 'Full coin analytics →' link","working","no","e2e (Playwright)","Changing the select re-renders every tile and chart for that coin (also honours ?symbol=)"
"HC-MA-042","5","Analytics engineer","Market Analytics app","/analytics/derivatives","Derivatives","Tiles: Open interest, 24h volume, Funding (OI-weighted, APR), L/S ratio · 24h","working","no","unit (pricing) · e2e (Playwright)","From CG.mock.coins + derived per-coin series"
"HC-MA-043","5","Analytics engineer","Market Analytics app","/analytics/derivatives","Derivatives","Chart: Close price (area)","working","no","e2e (Playwright)","CG.mock.priceHistory(sym, 96) hourly closes with gradient fill and tooltip"
"HC-MA-044","5","Analytics engineer","Market Analytics app","/analytics/derivatives","Derivatives","Chart: Open Interest · Aggregated · Binance · OKX · Bybit (area)","working","no","unit (pricing) · e2e (Playwright)","Per-coin OI random-walk derived from oiHistory scaled by the coin's OI share"
"HC-MA-045","5","Analytics engineer","Market Analytics app","/analytics/derivatives","Derivatives","Chart: Funding · OI-weighted · % (± bars)","working","no","unit (pricing) · e2e (Playwright)","60 × 8h funding bars, green positive / red negative, from CG.mock.fundingHistory offset by the coin's funding"
"HC-MA-046","5","Analytics engineer","Market Analytics app","/analytics/derivatives","Derivatives","Chart: Global account ratio · L/S Ratio (line with 1.00 reference)","working","no","unit (pricing) · e2e (Playwright)","Per-coin ratio series derived from lsHistory"
"HC-MA-047","5","Analytics engineer","Market Analytics app","/analytics/derivatives","Derivatives","Chart: Basis · Perp/spot basis % · positive = contango (± bars)","static","no","unit (pricing) · visual (screenshot diff)","Amber bars for contango, red for backwardation, hourly"
"HC-MA-048","5","Analytics engineer","Market Analytics app","/analytics/derivatives","Derivatives","Table: Funding Rate Arbitrage (Coin, Long leg, Short leg, Spread, Funding Δ, Est. APR, Min OI)","working","no","e2e (Playwright)","CG.mock.fundingArb; sortable, default Est. APR desc; Long/Short badges; row opens coin page"
"HC-MA-049","5","Analytics engineer","Market Analytics app","/analytics/options","Options","'Deribit · Options' header with exchange toggle (Deribit / OKX / Binance / Bybit / Delta)","working","no","unit (pricing) · e2e (Playwright)","Selecting an exchange rescales tiles and the expiry chart by that exchange's share"
"HC-MA-050","5","Analytics engineer","Market Analytics app","/analytics/options","Options","Tiles: Total open interest, OI (contracts), 24h volume, Nearest expiry max pain","working","no","unit (pricing) · e2e (Playwright)","From CG.mock.optionsByExchange / optionsExpiries; includes put/call ratio and Δ 24h"
"HC-MA-051","5","Analytics engineer","Market Analytics app","/analytics/options","Options","Chart: Call/put OI per expiry with max pain price · Deribit","working","no","unit (pricing) · e2e (Playwright)","Grouped Call OI (green) / Put OI (red) bars per expiry with Max Pain labels above each group and a dashed Max Pain line on the right axis; tooltip per expiry"
"HC-MA-052","5","Analytics engineer","Market Analytics app","/analytics/options","Options","Open Interest by Exchange donut with share legend","working","no","e2e (Playwright)","Donut of optionsByExchange oiUsd using the bundle's exchange palette; centre shows total OI"
"HC-MA-053","5","Analytics engineer","Market Analytics app","/analytics/options","Options","Table: Options Markets by Exchange (Exchange, OI (USD), Share, OI Δ 24h, 24h Volume, Vol Δ 24h)","working","no","e2e (Playwright)","Sortable; heat cells for the Δ columns"
"HC-MA-054","5","Analytics engineer","Market Analytics app","/analytics/etf","ETF","Bitcoin / Ethereum toggle","working","no","unit (pricing) · e2e (Playwright)","Switches every tile, chart and table between CG.mock.etfs (BTC) and CG.mock.ethEtfs (ETH); ETH flows derived from etfFlows"
"HC-MA-055","5","Analytics engineer","Market Analytics app","/analytics/etf","ETF","Tiles: 7-day net flow, Total AUM, Funds tracked","static","no","visual (screenshot diff)","Sum of last 7 flows, sum of fund AUM (+ coins held), count of funds"
"HC-MA-056","5","Analytics engineer","Market Analytics app","/analytics/etf","ETF","Chart: Daily net inflow/outflow (USD) with price overlay · last 60 sessions","static","no","visual (screenshot diff)","Heat-coloured ± bars (inflow green / outflow red) with the asset price line on the right axis; tooltip"
"HC-MA-057","5","Analytics engineer","Market Analytics app","/analytics/etf","ETF","Chart: Cumulative Net Flow (area)","static","no","unit (pricing) · visual (screenshot diff)","Running total of flows since launch"
"HC-MA-058","5","Analytics engineer","Market Analytics app","/analytics/etf","ETF","Table: Per-fund AUM, holdings and daily change (Ticker, Fund, Type, Price, 24h %, Volume, AUM, Holdings, Δ 24h)","static","no","visual (screenshot diff)","Sortable; Spot badge; heat cell for 24h %; holdings in BTC/ETH; Δ 24h coloured"
"HC-MA-059","5","Analytics engineer","Market Analytics app","/analytics/etf","ETF","Table: Grayscale Holdings · Trust holdings & premium/discount (Asset, Holdings, Value, Premium, Δ 30d)","static","no","unit (pricing) · visual (screenshot diff)","Grayscale funds from both ETF lists; premium and Δ 30d as heat cells"
"HC-MA-060","5","Analytics engineer","Market Analytics app","/analytics/liquidations","Liquidations","Tiles: Long Liquidations, Short Liquidations, Long / Short Ratio (24h)","working","no","e2e (Playwright)","From CG.mock.global long/short liq with share-of-total bars"
"HC-MA-061","5","Analytics engineer","Market Analytics app","/analytics/liquidations","Liquidations","Chart: 'Nh Liquidations Over Time · Aggregated across Binance · OKX · Bybit' stacked Long Liq / Short Liq bars","working","no","e2e (Playwright)","Stacked bars from CG.mock.liqHistory; tooltip shows long, short and total"
"HC-MA-062","5","Analytics engineer","Market Analytics app","/analytics/liquidations","Liquidations","Window chips 1h / 4h / 12h / 24h","working","no","e2e (Playwright)","Re-buckets the chart (5-minute buckets for 1h/4h, hourly for 12h/24h) and updates the panel title"
"HC-MA-063","5","Analytics engineer","Market Analytics app","/analytics/liquidations","Liquidations","Liquidations by Exchange · 24h window (horizontal bars)","working","no","e2e (Playwright)","CG.mock.exchanges liq24h sorted desc"
"HC-MA-064","5","Analytics engineer","Market Analytics app","/analytics/liquidations","Liquidations","Table: Top Coins by Liquidation (Coin, Total, Long, Short, L/S Bias) with 'Filter coins...' and 'View all markets →'","working","no","e2e (Playwright)","Sortable top-12 table; filter input narrows rows ('No coins' empty state); L/S Bias is a split bar with long %; row click opens coin page; link goes to the Markets screener"
"HC-MA-065","5","Analytics engineer","Market Analytics app","/analytics/liquidations","Liquidations","Live Liquidation Feed · Binance · refreshes every 12s","working","no","unit (pricing) · e2e (Playwright) · security","Rows (time, exchange, coin, Long/Short Liquidated badge, price, USD) from CG.mock.liqFeed; a new mock liquidation is prepended every 12 s with a flash while the screen is shown; the interval is cleared in hide()"
"HC-MA-066","5","Analytics engineer","Market Analytics app","/analytics/liquidations","Liquidations","Min USD select (All / $1K / $10K / $50K / $100K / $500K)","working","no","unit (pricing) · e2e (Playwright)","Filters the feed; shows 'No liquidations above $X' when nothing qualifies"
"HC-MA-067","5","Analytics engineer","Market Analytics app","/analytics/whales","Whales","Tiles: Tracked whale longs, Tracked whale shorts, Large limit orders","working","no","e2e (Playwright) · api contract · security","Sums of CG.mock.whalePositions by side (with uPnL) and count/value of CG.mock.largeOrders"
"HC-MA-068","5","Analytics engineer","Market Analytics app","/analytics/whales","Whales","Hyperliquid Whale Alerts · Live large position opens/closes (>$1M) feed","working","no","unit (pricing) · e2e (Playwright) · api contract · security","Shows 'Waiting for events…' for 1.5 s, then rows from CG.mock.whaleAlerts (time, wallet, coin, Long/Short badge, opened/closed · leverage · entry, value); a new alert arrives every ~20 s with a flash; timers cleared in hide()"
"HC-MA-069","5","Analytics engineer","Market Analytics app","/analytics/whales","Whales","Chart: Whale Index · Composite large-trader activity score · hourly (area)","working","no","unit (pricing) · e2e (Playwright)","CG.mock.whaleIndex 0-100 with a 50 reference line and tooltip"
"HC-MA-070","5","Analytics engineer","Market Analytics app","/analytics/whales","Whales","Table: Open Whale Positions · Largest open positions on Hyperliquid (Wallet, Coin, Side, Position, Entry, Mark, Liq Price, uPnL)","working","no","e2e (Playwright)","Sortable; Side badge includes leverage; uPnL signed and coloured"
"HC-MA-071","5","Analytics engineer","Market Analytics app","/analytics/whales","Whales","Table: Large limit orders · Resting buy/sell walls on Binance futures (Time, Exchange, Symbol, Side, Limit Price, Value, Placed)","working","no","unit (pricing) · e2e (Playwright) · api contract · security","CG.mock.largeOrders; Buy/Sell badges; 'Placed' shows relative time and placed/filled status"
"HC-MA-072","5","Analytics engineer","Market Analytics app","/analytics/whales","Whales","Table: Exchange BTC Reserves · On-chain balances · falling reserves = supply leaving exchanges (Exchange, BTC Balance, Δ 24h, Δ 7d, Δ 30d)","static","no","visual (screenshot diff)","CG.mock.exchanges balances with heat cells for each Δ"
"HC-MA-073","5","Analytics engineer","Market Analytics app","/analytics/sentiment","Sentiment","Fear & Greed Index · Crypto market sentiment · daily: gauge + 90-day area chart with coloured bands","working","no","e2e (Playwright)","Gauge from fearGreedNow; chart of CG.mock.fearGreed with Extreme Fear/Fear/Greed/Extreme Greed background bands; tooltip shows value and label"
"HC-MA-074","5","Analytics engineer","Market Analytics app","/analytics/sentiment","Sentiment","Bull Market Peak Indicators · Cycle-top signal checklist (8 rows with hit / not-hit dots)","working","no","unit (pricing) · e2e (Playwright)","Pi Cycle Top, AHR999 > 4, Puell > 4, 2Y MA ×5, Rainbow top band, RSI 1w > 90, F&G > 90, Coinbase premium spike — each evaluated from CG.mock.cycle / coins / fearGreed / coinbasePremium with the current reading and a 'N / 8 triggered' badge"
"HC-MA-075","5","Analytics engineer","Market Analytics app","/analytics/sentiment","Sentiment","Chart: Pi Cycle Top Indicator · 111DMA crossing 2×350DMA has marked cycle tops","working","no","e2e (Playwright)","Log-scale lines for price, 111DMA and 350DMA×2 from CG.mock.cycleHistory"
"HC-MA-076","5","Analytics engineer","Market Analytics app","/analytics/sentiment","Sentiment","Chart: Bitcoin Rainbow Chart · Log-regression valuation bands","working","no","e2e (Playwright)","Nine coloured regression bands (log fit of cycleHistory price) using the bundle's band palette with the price line; tooltip names the current band"
"HC-MA-077","5","Analytics engineer","Market Analytics app","/analytics/sentiment","Sentiment","Chart: AHR999 Accumulation Index · < 0.45 bottom zone · > 4 top zone","static","no","visual (screenshot diff)","Log-scale area with 0.45 (green) and 4 (red) reference lines"
"HC-MA-078","5","Analytics engineer","Market Analytics app","/analytics/sentiment","Sentiment","Chart: Puell Multiple · Miner revenue vs 365d average","static","no","visual (screenshot diff)","Amber area with 0.5 / 4 reference lines"
"HC-MA-079","5","Analytics engineer","Market Analytics app","/analytics/sentiment","Sentiment","Chart: 2-Year MA Multiplier · Buy below 2Y MA · sell above 2Y MA ×5","working","no","e2e (Playwright)","Log-scale price, 2Y MA (green) and 2Y MA ×5 (red) lines"
"HC-MA-080","5","Analytics engineer","Market Analytics app","/analytics/sentiment","Sentiment","Chart: Coinbase Premium · US institutional spot pressure vs Binance · hourly (± bars)","working","no","unit (pricing) · e2e (Playwright)","CG.mock.coinbasePremium, green premium / red discount bars"
"HC-MA-081","5","Analytics engineer","Market Analytics app","/analytics/sentiment","Sentiment","Table: RSI Screener · Multi-timeframe relative strength · green = oversold, red = overbought (Coin, Price, RSI 15m/1h/4h/12h/24h/1w)","working","no","unit (pricing) · e2e (Playwright)","Top 25 coins; each RSI value is a heat cell (green ≤35, red ≥65); sortable per timeframe; row opens coin page"
"HC-MA-082","5","Analytics engineer","Market Analytics app","/analytics/coin/:symbol","Coin analytics","Back link, coin header (icon, symbol, name, rank, sector, live price, 24h heat cell)","working","no","unit (pricing) · e2e (Playwright) · security","Reads :symbol from the route; price updates on the 'tick' event for BTC/ETH; unknown symbol shows a toast and redirects to /analytics/markets"
"HC-MA-083","5","Analytics engineer","Market Analytics app","/analytics/coin/:symbol","Coin analytics","Tiles: Open Interest (+Δ24h/1h), 24h Volume, Funding (avg), Long/Short, Liquidations 24h, Market Cap","working","no","unit (pricing) · e2e (Playwright)","From CG.mock.coins + derived series; split bars for L/S and liquidations"
"HC-MA-084","5","Analytics engineer","Market Analytics app","/analytics/coin/:symbol","Coin analytics","Charts: Price & Open Interest (dual axis), Long / Short Ratio, Liquidations (Long Liq / Short Liq stacked), OI-Weighted Funding (± bars), Taker Buy / Sell Volume (mirrored bars)","working","no","e2e (Playwright)","All from CG2.coinSeries(symbol) (priceHistory + scaled global histories); crosshair tooltips"
"HC-MA-085","5","Analytics engineer","Market Analytics app","/analytics/coin/:symbol","Coin analytics","Liquidation Heatmap (long vs short) grid","working","no","e2e (Playwright)","12h × ±5% price-level grid; short-liquidation levels above price in red, long levels below in green; cell title shows level and estimated USD"
"HC-MA-086","5","Analytics engineer","Market Analytics app","/analytics/coin/:symbol","Coin analytics","Table: Markets by Exchange (Exchange, Open Interest, 24h Vol, OI Share, Funding)","working","no","e2e (Playwright)","Coin OI/volume split across CG.mock.exchanges; sortable; OI share bar"
"HC-MA-087","5","Analytics engineer","Market Analytics app","/analytics/coin/:symbol","Coin analytics","Table: Funding by Exchange (Exchange, Funding rate, Predicted, APR, Next funding)","working","no","e2e (Playwright)","Heat-cell funding per exchange with predicted rate, annualised APR and countdown to the next 8h settlement"
"HC-MA-088","5","Analytics engineer","Market Analytics app","/analytics/*","Market Analytics shell","ONE unified skin on the shell tokens (both apps)","working","yes","unit (pricing) · e2e (Playwright) · api contract · security","The private cg2 palette (teal accent, Inter/JetBrains fonts, cg2-* variables) was deleted; every colour comes from --background/--card/--border/--foreground/--muted-foreground/--profit/--loss/--primary/--curve and fonts from --font-body/--font-mono; dark and light both polished (tested)"
"HC-MA-089","5","Analytics engineer","Market Analytics app","/analytics/*","Market Analytics shell","Terminal ▾ dropdown in the section switcher","working","yes","unit (pricing) · e2e (Playwright)","Lists every terminal page grouped (Markets / Derivatives / ETF / On-chain / Indicators) via CG.menu; the current page is highlighted in amber"
"HC-MA-090","5","Analytics engineer","Market Analytics app","/analytics/*","Market Analytics shell","Coin search → coin page (context aware)","working","yes","e2e (Playwright)","Header search opens /analytics/coin/SYM (in the terminal app the same header opens /terminal/coin/SYM); top-8 matches by symbol/name, ↑↓/Enter/Esc, starred coins show a star, hint row explains the keys"
"HC-MA-091","5","Analytics engineer","Market Analytics app","/analytics/*","Market Analytics shell","Ctrl K palette button","working","yes","e2e (Playwright)","Header kbd button opens the command palette (CG.palette.open()); falls back to dispatching Ctrl+K and a hint toast if no palette is present"
"HC-MA-092","5","Analytics engineer","Market Analytics app","/analytics/*","Market Analytics shell","Palette commands registered","working","yes","e2e (Playwright)","CG2.registerPalette registers every analytics + terminal page (""Market Analytics · Hub"", ""Terminal · Funding Rates""…), ""Compare coins…"" (opens /analytics/markets?compare=1) and ""Add to watchlist → BTC/ETH/SOL/BNB/XRP/DOGE/ADA/AVAX/LINK/PEPE"" with CG.palette.register (guarded, also exposed via CG.commandProviders)"
"HC-MA-093","5","Analytics engineer","Market Analytics app","/analytics/*","Market Analytics shell","Chart timeframe chips 1D · 7D · 30D · 90D · 1Y","working","yes","unit (pricing) · e2e (Playwright)","CG2.tfChart/tfSeries: the mock series is sliced when it covers the range, otherwise regenerated with a seeded random walk (CG.rng) anchored on the current value and scaled by sqrt(step); daily/8h sources keep their native step (180D for cycle charts); the choice is remembered per chart"
"HC-MA-094","5","Analytics engineer","Market Analytics app","/analytics/*","Market Analytics shell","Toggleable chart legend","working","yes","e2e (Playwright)","Click a legend item to hide/show that series (strikethrough when off); axis rescales; hiding everything shows an inline empty state"
"HC-MA-095","5","Analytics engineer","Market Analytics app","/analytics/*","Market Analytics shell","Crosshair tooltip with all series values","working","yes","e2e (Playwright)","Dashed crosshair + hover dots on every line series; the tooltip lists every visible series with its own formatter (plus extra rows like Ratio/Total/Net)"
"HC-MA-096","5","Analytics engineer","Market Analytics app","/analytics/*","Market Analytics shell","Last-value tag at the right edge","working","yes","e2e (Playwright)","Each line/area series ends with a dot and a coloured value pill on the right edge (collision-nudged; right padding grows to fit)"
"HC-MA-097","5","Analytics engineer","Market Analytics app","/analytics/*","Market Analytics shell","Faint horizontal grid + 10.5px mono axis labels","working","yes","e2e (Playwright) · api contract · security","Grid lines only on the y axis in --border; all axis labels DM Mono 10.5px muted"
"HC-MA-098","5","Analytics engineer","Market Analytics app","/analytics/*","Market Analytics shell","Chart loading skeleton and empty state","working","yes","unit (pricing) · e2e (Playwright)","First paint shows a shimmer skeleton for one frame (also gives the chart its measured width); series with no data render a ""No data"" empty state"
"HC-MA-099","5","Analytics engineer","Market Analytics app","/analytics/*","Market Analytics shell","Per-table search","working","yes","e2e (Playwright)","Tables with more than 15 rows (or search:true) get a search box that filters by symbol/name while keeping focus and caret"
"HC-MA-100","5","Analytics engineer","Market Analytics app","/analytics/*","Market Analytics shell","Columns ▾ visibility menu on screeners","working","yes","e2e (Playwright)","Checkbox menu (stays open while toggling) + ""Show all columns""; used on the hub, markets screener, RSI screener, ETF funds, terminal dashboard/spot/liquidations"
"HC-MA-101","5","Analytics engineer","Market Analytics app","/analytics/*","Market Analytics shell","CSV copy button","working","yes","e2e (Playwright)","Copies the visible (filtered + sorted) rows and visible columns as CSV to the clipboard (execCommand fallback) and toasts the row count"
"HC-MA-102","5","Analytics engineer","Market Analytics app","/analytics/*","Market Analytics shell","Compact density","working","yes","e2e (Playwright)","Rows drop from 36px to 28px when CG.state.density === 'compact' (reacts to CG.emit('density'))"
"HC-MA-103","5","Analytics engineer","Market Analytics app","/analytics/*","Market Analytics shell","Watchlist star on coin rows","working","yes","e2e (Playwright)","Star column on every coin table toggles CG.state.watchlist (persisted with CG.saveState); toasts; strips and filters update through the ""watchlist"" event"
"HC-MA-104","5","Analytics engineer","Market Analytics app","/analytics/*","Market Analytics shell","Compact arc gauges with the amber needle","working","yes","e2e (Playwright)","CG2.gauge: 180° track with semantic segments (loss/warning/muted/profit) and an amber --primary needle + hub; inline variant inside tiles (Alt season, Fear & Greed, Whale Index), large variant with a scale on Futures/Sentiment"
"HC-MA-105","5","Analytics engineer","Market Analytics app","/analytics/coinglass","Markets Hub","Watchlist strip","working","yes","e2e (Playwright)","Cards for each starred coin (price, 24h heat, 7D sparkline coloured by 7d change, remove star); click opens the coin; empty state links to the screener; ""Manage in Markets →"""
"HC-MA-106","5","Analytics engineer","Market Analytics app","/analytics/coinglass","Markets Hub","Inline gauges in the Altcoin Season and Fear & Greed tiles","working","yes","e2e (Playwright)","Compact arc gauge with amber needle beside the value"
"HC-MA-107","5","Analytics engineer","Market Analytics app","/analytics/coinglass","Markets Hub","Main table: star · search · Columns ▾ · CSV","working","yes","unit (pricing) · e2e (Playwright)","Derivatives/Spot/Memes/L1L2 tabs share the upgraded table; sticky header inside a 640px scroll area"
"HC-MA-108","5","Analytics engineer","Market Analytics app","/analytics/overview","Futures overview","Timeframe chips on BTC Price & OI and Long/Short charts","working","yes","e2e (Playwright)","1D slices the hourly mock; 7D–1Y regenerate anchored series"
"HC-MA-109","5","Analytics engineer","Market Analytics app","/analytics/overview","Futures overview","Compact Fear & Greed gauge","working","yes","e2e (Playwright)","Large arc gauge with amber needle, label and scale, plus yesterday/7d/30d values and a 30-day sparkline"
"HC-MA-110","5","Analytics engineer","Market Analytics app","/analytics/markets","Futures Markets Screener","Compare mode (up to 3 coins)","working","yes","e2e (Playwright)","Cmp checkbox column; picking 1–3 coins shows a Compare panel above the table: normalised price lines (base 100, timeframe chips 1D–1Y, base-100 reference line) and a side-by-side stats table (Price, 24h/7d %, cap, volume, OI, OI 24h %, funding, L/S, liq, RSI) with the best value highlighted; ✕ removes a coin, Clear empties; a 4th coin is refused with a toast; state in CG.state.compare is shared with /terminal/spot; ?compare=1 opens the panel with a hint"
"HC-MA-111","5","Analytics engineer","Market Analytics app","/analytics/markets","Futures Markets Screener","Watchlist filter chip","working","yes","e2e (Playwright)","★ Watchlist chip limits the screener to starred coins (empty state when none); stars in rows toggle the list"
"HC-MA-112","5","Analytics engineer","Market Analytics app","/analytics/markets","Futures Markets Screener","Hidden columns 7d %, Funding, Liq 24h","working","yes","e2e (Playwright)","Available through Columns ▾; CSV export respects visible columns"
"HC-MA-113","5","Analytics engineer","Market Analytics app","/analytics/derivatives","Derivatives","Timeframe chips on all five charts","working","yes","unit (pricing) · e2e (Playwright)","Close price / OI / L/S / Basis: 1D–1Y; Funding: 7D–1Y at the native 8h step"
"HC-MA-114","5","Analytics engineer","Market Analytics app","/analytics/options","Options","Max pain as the amber accent line","working","yes","unit (pricing) · e2e (Playwright)","Call/put OI bars in profit/loss tints, Max Pain dashed in --primary with per-expiry labels; CSV on the exchange table"
"HC-MA-115","5","Analytics engineer","Market Analytics app","/analytics/etf","ETF","Timeframe chips on Net Flows and Cumulative Net Flow","static","yes","unit (pricing) · visual (screenshot diff)","Net flows 7D/30D/90D/1Y (daily bins, generated flows for ranges beyond the mock), cumulative 30D/90D/1Y; funds table has Columns ▾ + CSV"
"HC-MA-116","5","Analytics engineer","Market Analytics app","/analytics/liquidations","Liquidations","Top-coins table search + CSV","working","yes","e2e (Playwright)","Filter box inside the table toolbar replaces the old panel input; window chips 1h/4h/12h/24h retained"
"HC-MA-117","5","Analytics engineer","Market Analytics app","/analytics/whales","Whales","Whale Index gauge tile + timeframe chips","working","yes","unit (pricing) · e2e (Playwright)","New tile with a compact arc gauge (Quiet/Active/Frenzy); the Whale Index chart gets 1D–1Y chips; positions/reserves tables get CSV"
"HC-MA-118","5","Analytics engineer","Market Analytics app","/analytics/sentiment","Sentiment","Timeframe chips on F&G (7D–1Y), AHR999/Puell (30D/90D/180D) and Coinbase Premium (1D/7D/30D)","working","yes","unit (pricing) · e2e (Playwright)","Cycle charts keep 180D as the default; Pi Cycle/Rainbow/2Y MA stay 180D"
"HC-MA-119","5","Analytics engineer","Market Analytics app","/analytics/sentiment","Sentiment","RSI screener: star · search · Columns ▾ · CSV","working","yes","e2e (Playwright)","Upgraded shared table"
"HC-MA-120","5","Analytics engineer","Market Analytics app","/analytics/coin/:symbol","Coin analytics","Watch and Compare chips in the coin header","working","yes","e2e (Playwright)","★ Watch toggles the watchlist; Compare adds the coin to CG.state.compare and opens /analytics/markets?compare=1"
"HC-MA-121","5","Analytics engineer","Market Analytics app","/analytics/coin/:symbol","Coin analytics","Timeframe chips on Price & OI, L/S, Liquidations and Funding","working","yes","e2e (Playwright)","Per-coin seeded series; exchange tables get CSV"
"HC-MT-001","5","Analytics engineer","Market Analytics terminal","/terminal","Market Analytics terminal","Terminal shell: sticky header + 232px sticky sidebar + content (max-width 1600px) + footer note","working","no","unit (pricing) · e2e (Playwright)","Shared v2 header (CG.chrome['terminal-header'] → CG2.header, identical to /analytics, Terminal ▾ tab active) + restyled 222px sticky sidebar (CG.chrome['terminal-sidebar']) + content (max-width 1600px) + footer; everything scoped under .terminal.cg-scope.cgx and built only on the shell tokens"
"HC-MT-002","5","Analytics engineer","Market Analytics terminal","/terminal","Market Analytics terminal","Header title 'Market Analytics' + HapieCoin mark","working","no","e2e (Playwright) · api contract","Shared header: logo links to #/analyse, the title reads Market Analytics; the terminal keeps its own left sidebar"
"HC-MT-003","5","Analytics engineer","Market Analytics terminal","/terminal","Market Analytics terminal","Header coin search ""Search coin…""","working","no","e2e (Playwright)","Shared header search; in the terminal Enter/click opens /terminal/coin/SYM (hint row says ""open in terminal"")"
"HC-MT-004","5","Analytics engineer","Market Analytics terminal","/terminal","Market Analytics terminal","Search dropdown item click","working","no","e2e (Playwright)","Navigates to /terminal/coin/SYM and clears the input"
"HC-MT-005","5","Analytics engineer","Market Analytics terminal","/terminal","Market Analytics terminal","Search keyboard: ArrowUp/ArrowDown highlight, Enter opens highlighted coin, Escape closes","working","no","unit (pricing) · e2e (Playwright)","Enter with no match shows destructive toast ""No coin matches “…”"""
"HC-MT-006","5","Analytics engineer","Market Analytics terminal","/terminal","Market Analytics terminal","Search empty state","working","no","e2e (Playwright)","Dropdown shows ""No coin matches “xyz”"" when nothing matches"
"HC-MT-007","5","Analytics engineer","Market Analytics terminal","/terminal","Market Analytics terminal","Header ""Live"" indicator","static","no","unit (pricing) · visual (screenshot diff) · security","Live pill (green dot) in the shared header, hidden on small screens"
"HC-MT-008","5","Analytics engineer","Market Analytics terminal","/terminal","Market Analytics terminal","Header ""Markets Hub"" button","working","no","e2e (Playwright)","Replaced by the Hub tab of the shared section switcher (and the sidebar ""Markets Hub ↗"" item)"
"HC-MT-009","5","Analytics engineer","Market Analytics terminal","/terminal","Market Analytics terminal","Header ""← Analyse"" link","working","no","e2e (Playwright)","Shared header link back to the options app (#/analyse)"
"HC-MT-010","5","Analytics engineer","Market Analytics terminal","/terminal","Market Analytics terminal","Theme toggle (sun/moon icon)","working","no","unit (pricing) · e2e (Playwright)","Calls CG.theme.toggle(); the terminal now follows the page theme (html.dark) — the private terminal theme and cg2-theme localStorage key were removed"
"HC-MT-011","5","Analytics engineer","Market Analytics terminal","/terminal","Market Analytics terminal","Sidebar section labels: Markets, Derivatives, ETF, On-chain, Indicators","static","no","unit (pricing) · visual (screenshot diff)","Grouped navigation with small inline-SVG icons"
"HC-MT-012","5","Analytics engineer","Market Analytics terminal","/terminal","Market Analytics terminal","Sidebar nav item ""Dashboard""","working","no","e2e (Playwright)","Navigates to /terminal"
"HC-MT-013","5","Analytics engineer","Market Analytics terminal","/terminal","Market Analytics terminal","Sidebar nav item ""Markets Hub""","working","no","e2e (Playwright)","Navigates to /analytics/coinglass (external to the terminal)"
"HC-MT-014","5","Analytics engineer","Market Analytics terminal","/terminal","Market Analytics terminal","Sidebar nav item ""Spot Markets""","working","no","e2e (Playwright)","Navigates to /terminal/spot"
"HC-MT-015","5","Analytics engineer","Market Analytics terminal","/terminal","Market Analytics terminal","Sidebar nav item ""Layer-1""","working","no","e2e (Playwright)","Navigates to /terminal/sectors/layer-1"
"HC-MT-016","5","Analytics engineer","Market Analytics terminal","/terminal","Market Analytics terminal","Sidebar nav item ""Layer-2""","working","no","e2e (Playwright)","Navigates to /terminal/sectors/layer-2"
"HC-MT-017","5","Analytics engineer","Market Analytics terminal","/terminal","Market Analytics terminal","Sidebar nav item ""DeFi""","working","no","e2e (Playwright)","Navigates to /terminal/sectors/defi"
"HC-MT-018","5","Analytics engineer","Market Analytics terminal","/terminal","Market Analytics terminal","Sidebar nav item ""Memes""","working","no","e2e (Playwright)","Navigates to /terminal/sectors/memes"
"HC-MT-019","5","Analytics engineer","Market Analytics terminal","/terminal","Market Analytics terminal","Sidebar nav item ""Exchanges""","working","no","e2e (Playwright)","Navigates to /terminal/exchanges/Binance"
"HC-MT-020","5","Analytics engineer","Market Analytics terminal","/terminal","Market Analytics terminal","Sidebar nav item ""Open Interest""","working","no","unit (pricing) · e2e (Playwright)","Navigates to /terminal/derivatives/open-interest"
"HC-MT-021","5","Analytics engineer","Market Analytics terminal","/terminal","Market Analytics terminal","Sidebar nav item ""Funding Rates""","working","no","unit (pricing) · e2e (Playwright)","Navigates to /terminal/derivatives/funding"
"HC-MT-022","5","Analytics engineer","Market Analytics terminal","/terminal","Market Analytics terminal","Sidebar nav item ""Long / Short""","working","no","unit (pricing) · e2e (Playwright)","Navigates to /terminal/derivatives/long-short"
"HC-MT-023","5","Analytics engineer","Market Analytics terminal","/terminal","Market Analytics terminal","Sidebar nav item ""Liquidations""","working","no","unit (pricing) · e2e (Playwright)","Navigates to /terminal/derivatives/liquidations"
"HC-MT-024","5","Analytics engineer","Market Analytics terminal","/terminal","Market Analytics terminal","Sidebar nav item ""ETF Flows""","working","no","e2e (Playwright)","Navigates to /terminal/etf"
"HC-MT-025","5","Analytics engineer","Market Analytics terminal","/terminal","Market Analytics terminal","Sidebar nav item ""Exchange Balance""","working","no","e2e (Playwright)","Navigates to /terminal/onchain/exchange-balance"
"HC-MT-026","5","Analytics engineer","Market Analytics terminal","/terminal","Market Analytics terminal","Sidebar nav item ""Token Unlocks""","working","no","e2e (Playwright)","Navigates to /terminal/onchain/unlocks"
"HC-MT-027","5","Analytics engineer","Market Analytics terminal","/terminal","Market Analytics terminal","Sidebar nav item ""Fear & Greed""","working","no","e2e (Playwright)","Navigates to /terminal/indicators/fear-greed"
"HC-MT-028","5","Analytics engineer","Market Analytics terminal","/terminal","Market Analytics terminal","Sidebar nav item ""BTC Cycle""","working","no","e2e (Playwright)","Navigates to /terminal/indicators/cycle"
"HC-MT-029","5","Analytics engineer","Market Analytics terminal","/terminal","Market Analytics terminal","Active nav highlight","working","no","unit (pricing) · e2e (Playwright)","Active sidebar item gets an amber (--primary) 2px left rule, foreground text and a muted background; section labels use the .micro style"
"HC-MT-030","5","Analytics engineer","Market Analytics terminal","/terminal","Market Analytics terminal","Sidebar collapses to a top drawer under 900px","working","no","e2e (Playwright)","""Navigation"" toggle button shows the current section name and expands/collapses the nav; closes on route change"
"HC-MT-031","5","Analytics engineer","Market Analytics terminal","/terminal","Market Analytics terminal","Footer note ""Market data · auto-refreshing · intervals vary per dataset""","static","no","visual (screenshot diff)","Rendered by CG.chrome[""terminal-footer""] on every terminal screen"
"HC-MT-032","5","Analytics engineer","Market Analytics terminal","/terminal","Market Analytics terminal","Shared SVG chart helper (line / area / bars / stacked bars / dual axis / reference lines)","working","no","e2e (Playwright)","MA.chart now adapts its spec to CG2.chart, the single chart helper shared with /analytics (timeframe chips, toggleable legend, crosshair tooltip, last-value tags, faint grid, skeleton)"
"HC-MT-033","5","Analytics engineer","Market Analytics terminal","/terminal","Market Analytics terminal","Chart hover crosshair + tooltip","working","no","e2e (Playwright)","Mouse over any chart shows a dashed crosshair, dots on line series and a tooltip with the time label and every series value"
"HC-MT-034","5","Analytics engineer","Market Analytics terminal","/terminal","Market Analytics terminal","Chart legends","static","no","visual (screenshot diff)","Multi-series charts show a colour legend above the plot"
"HC-MT-035","5","Analytics engineer","Market Analytics terminal","/terminal","Market Analytics terminal","Sortable tables (all terminal tables)","working","no","e2e (Playwright)","MA.table adapts to CG2.table: sticky headers, sortable, mono right-aligned numbers, heat cells, search, Columns ▾, CSV, star, compare checkbox"
"HC-MT-036","5","Analytics engineer","Market Analytics terminal","/terminal","Market Analytics terminal","Table rows link to detail pages","working","no","e2e (Playwright)","Coin rows → /terminal/coin/SYM, exchange rows → /terminal/exchanges/NAME (data-nav)"
"HC-MT-037","5","Analytics engineer","Market Analytics terminal","/terminal","Market Analytics terminal","Number formatting: .ma-mono numbers, .ma-up/.ma-down colours","static","no","visual (screenshot diff)","Prices with 2/4/8 decimals by magnitude, compact USD ($1.23B), signed % in green/red, funding to 4 decimals"
"HC-MT-038","5","Analytics engineer","Market Analytics terminal","/terminal","Market Analytics terminal","Access control","working","no","e2e (Playwright)","All terminal screens are data-auth=""user""; logged-out users are redirected to /auth"
"HC-MT-039","5","Analytics engineer","Market Analytics terminal","/terminal","Market Analytics terminal","Extra coins added to CG.mock.coins at init","static","no","unit (pricing) · visual (screenshot diff)","MNT, METIS, ZK, COMP, DYDX, SUSHI, 1INCH, MEME, POPCAT, BRETT added with plausible numbers so every sector symbol resolves (50 coins total)"
"HC-MT-040","5","Analytics engineer","Market Analytics terminal","/terminal","Dashboard","Page title ""Dashboard · Derivatives market overview""","working","no","unit (pricing) · e2e (Playwright)","Header with ""Updated 14:30"" (mock clock)"
"HC-MT-041","5","Analytics engineer","Market Analytics terminal","/terminal","Dashboard","Stat tile ""Fear & Greed""","working","no","e2e (Playwright)","value + label Extreme Fear / Fear / Neutral / Greed / Extreme Greed from CG.mock.fearGreedNow"
"HC-MT-042","5","Analytics engineer","Market Analytics terminal","/terminal","Dashboard","Stat tile ""Total Open Interest · All tracked coins""","working","no","e2e (Playwright)","sum of openInterest over CG.mock.coins"
"HC-MT-043","5","Analytics engineer","Market Analytics terminal","/terminal","Dashboard","Stat tile ""24h Volume · Aggregated futures""","working","no","e2e (Playwright)","sum of volume24h over CG.mock.coins"
"HC-MT-044","5","Analytics engineer","Market Analytics terminal","/terminal","Dashboard","Stat tile ""BTC Dominance · OI share""","working","no","e2e (Playwright)","BTC openInterest / total OI"
"HC-MT-045","5","Analytics engineer","Market Analytics terminal","/terminal","Dashboard","Stat tile ""BTC ETF Net Inflow (USD) · Net Flow""","static","no","visual (screenshot diff)","last CG.mock.etfFlows flow, green/red by sign"
"HC-MT-046","5","Analytics engineer","Market Analytics terminal","/terminal","Dashboard","Stat tile ""Long / Short Ratio · L/S""","working","no","e2e (Playwright)","last CG.mock.lsHistory global ratio"
"HC-MT-047","5","Analytics engineer","Market Analytics terminal","/terminal","Dashboard","Chart ""Aggregated Open Interest"" (area)","working","no","e2e (Playwright)","CG.mock.oiHistory (96h) as an accent area chart with hover tooltip"
"HC-MT-048","5","Analytics engineer","Market Analytics terminal","/terminal","Dashboard","Chart ""Long / Short Ratio"" (line)","working","no","e2e (Playwright)","CG.mock.lsHistory global ratio as a yellow line with L/S = 1 reference line"
"HC-MT-049","5","Analytics engineer","Market Analytics terminal","/terminal","Dashboard","Table ""Top Gainers (24h)"" — Coin, Price, 24h %","working","no","e2e (Playwright)","Top 6 coins by chg24 desc; sortable; rows open the coin page"
"HC-MT-050","5","Analytics engineer","Market Analytics terminal","/terminal","Dashboard","Table ""Top Losers (24h)"" — Coin, Price, 24h %","working","no","e2e (Playwright)","Bottom 6 coins by chg24; sortable; rows open the coin page"
"HC-MT-051","5","Analytics engineer","Market Analytics terminal","/terminal","Dashboard","Main table ""Markets"" — Coin, Price, 24h %, Open Interest, 24h Vol","working","no","e2e (Playwright)","All 50 coins sorted by Open Interest desc by default; every column sortable; row click → /terminal/coin/SYM"
"HC-MT-052","5","Analytics engineer","Market Analytics terminal","/terminal/spot","Spot Markets","Page title ""Spot Markets · Sortable list of all tracked markets""","working","no","unit (pricing) · e2e (Playwright) · security","Header with filter input and live ""N markets"" counter"
"HC-MT-053","5","Analytics engineer","Market Analytics terminal","/terminal/spot","Spot Markets","Search filter input ""Filter by symbol or name…""","working","no","e2e (Playwright)","Filters the table as you type (symbol or name substring); counter updates; empty state ""No markets match “…”"""
"HC-MT-054","5","Analytics engineer","Market Analytics terminal","/terminal/spot","Spot Markets","Column ""Coin"" (sortable)","working","no","e2e (Playwright)","from CG.mock.coins; click header to sort asc/desc"
"HC-MT-055","5","Analytics engineer","Market Analytics terminal","/terminal/spot","Spot Markets","Column ""Price"" (sortable)","working","no","e2e (Playwright)","from CG.mock.coins; click header to sort asc/desc"
"HC-MT-056","5","Analytics engineer","Market Analytics terminal","/terminal/spot","Spot Markets","Column ""24h %"" (sortable)","working","no","e2e (Playwright)","from CG.mock.coins; click header to sort asc/desc"
"HC-MT-057","5","Analytics engineer","Market Analytics terminal","/terminal/spot","Spot Markets","Column ""Market Cap"" (sortable)","working","no","e2e (Playwright)","from CG.mock.coins; click header to sort asc/desc"
"HC-MT-058","5","Analytics engineer","Market Analytics terminal","/terminal/spot","Spot Markets","Column ""24h Volume"" (sortable)","working","no","e2e (Playwright)","from CG.mock.coins; click header to sort asc/desc"
"HC-MT-059","5","Analytics engineer","Market Analytics terminal","/terminal/spot","Spot Markets","Column ""Open Interest"" (sortable)","working","no","e2e (Playwright)","from CG.mock.coins; click header to sort asc/desc"
"HC-MT-060","5","Analytics engineer","Market Analytics terminal","/terminal/spot","Spot Markets","Column ""OI Share"" (sortable)","working","no","e2e (Playwright)","coin OI / total OI in %"
"HC-MT-061","5","Analytics engineer","Market Analytics terminal","/terminal/spot","Spot Markets","Default sort","working","no","e2e (Playwright)","Market Cap descending"
"HC-MT-062","5","Analytics engineer","Market Analytics terminal","/terminal/spot","Spot Markets","Row click","working","no","e2e (Playwright)","Opens /terminal/coin/SYM"
"HC-MT-063","5","Analytics engineer","Market Analytics terminal","/terminal/sectors/:slug","Sector","Page title ""<Name> Sector · N symbols""","working","no","e2e (Playwright)","Layer-1 (13), Layer-2 (8), DeFi (11), Memes (9) symbol lists filtered to coins present in CG.mock.coins"
"HC-MT-064","5","Analytics engineer","Market Analytics terminal","/terminal/sectors/:slug","Sector","Sector switcher chips (Layer-1 / Layer-2 / DeFi / Memes)","working","no","unit (pricing) · e2e (Playwright)","Chips in the page header navigate between sectors; active chip highlighted"
"HC-MT-065","5","Analytics engineer","Market Analytics terminal","/terminal/sectors/:slug","Sector","Sector table (same columns as Spot Markets)","working","no","e2e (Playwright)","Coin, Price, 24h %, Market Cap, 24h Volume, Open Interest, OI Share; sortable; rows open the coin page"
"HC-MT-066","5","Analytics engineer","Market Analytics terminal","/terminal/sectors/:slug","Sector","Unknown slug state ""Unknown sector: xyz""","working","no","e2e (Playwright)","Title and empty panel ""Unknown sector: xyz"" with hint to pick a known sector"
"HC-MT-067","5","Analytics engineer","Market Analytics terminal","/terminal/sectors","Sector","Redirect /terminal/sectors → /terminal/sectors/layer-1","working","no","e2e (Playwright)","data-redirect screen"
"HC-MT-068","5","Analytics engineer","Market Analytics terminal","/terminal/etf","Bitcoin Spot ETFs","Page title ""Bitcoin Spot ETFs · Issuer flows, AUM and holdings""","static","no","visual (screenshot diff)","Behaves as in the v2 mock."
"HC-MT-069","5","Analytics engineer","Market Analytics terminal","/terminal/etf","Bitcoin Spot ETFs","Stat tile ""Total AUM""","static","no","visual (screenshot diff)","sum of aum over CG.mock.etfs (bitcoin)"
"HC-MT-070","5","Analytics engineer","Market Analytics terminal","/terminal/etf","Bitcoin Spot ETFs","Stat tile ""Total BTC Held""","static","no","unit (pricing) · visual (screenshot diff)","sum of btcHeld with USD equivalent"
"HC-MT-071","5","Analytics engineer","Market Analytics terminal","/terminal/etf","Bitcoin Spot ETFs","Stat tile ""ETF Count""","static","no","visual (screenshot diff)","number of spot funds tracked"
"HC-MT-072","5","Analytics engineer","Market Analytics terminal","/terminal/etf","Bitcoin Spot ETFs","Stat tile ""Net Flow (1d)""","static","no","visual (screenshot diff)","sum of flow1d, green/red by sign"
"HC-MT-073","5","Analytics engineer","Market Analytics terminal","/terminal/etf","Bitcoin Spot ETFs","Chart ""Net Inflow History · Net Flow USD"" (bars)","static","no","unit (pricing) · visual (screenshot diff)","CG.mock.etfFlows daily flows; positive bars accent, negative bars red; hover tooltip"
"HC-MT-074","5","Analytics engineer","Market Analytics terminal","/terminal/etf","Bitcoin Spot ETFs","ETF List column ""Ticker"" (sortable)","static","no","visual (screenshot diff)","from CG.mock.etfs"
"HC-MT-075","5","Analytics engineer","Market Analytics terminal","/terminal/etf","Bitcoin Spot ETFs","ETF List column ""Issuer"" (sortable)","static","no","visual (screenshot diff)","issuer with fund name underneath (ma-dim)"
"HC-MT-076","5","Analytics engineer","Market Analytics terminal","/terminal/etf","Bitcoin Spot ETFs","ETF List column ""AUM"" (sortable)","static","no","visual (screenshot diff)","from CG.mock.etfs"
"HC-MT-077","5","Analytics engineer","Market Analytics terminal","/terminal/etf","Bitcoin Spot ETFs","ETF List column ""BTC Held"" (sortable)","static","no","visual (screenshot diff)","from CG.mock.etfs"
"HC-MT-078","5","Analytics engineer","Market Analytics terminal","/terminal/etf","Bitcoin Spot ETFs","ETF List column ""Net Flow (1d)"" (sortable)","static","no","visual (screenshot diff)","signed compact USD in green/red"
"HC-MT-079","5","Analytics engineer","Market Analytics terminal","/terminal/etf","Bitcoin Spot ETFs","ETF List column ""Change %"" (sortable)","static","no","visual (screenshot diff)","from CG.mock.etfs"
"HC-MT-080","5","Analytics engineer","Market Analytics terminal","/terminal/coin/:symbol","Coin detail","""← Back"" button","working","no","e2e (Playwright)","Returns to /terminal"
"HC-MT-081","5","Analytics engineer","Market Analytics terminal","/terminal/coin/:symbol","Coin detail","Coin header: icon, symbol, name, rank chip, sector chip, price, 24h %","static","no","unit (pricing) · visual (screenshot diff) · security","Sector chip links to the sector page; BTC/ETH/XAUT price updates live on the 2.5s CG tick with a green/red flash"
"HC-MT-082","5","Analytics engineer","Market Analytics terminal","/terminal/coin/:symbol","Coin detail","Stat tile ""Price""","working","no","e2e (Playwright)","with 24h % underneath"
"HC-MT-083","5","Analytics engineer","Market Analytics terminal","/terminal/coin/:symbol","Coin detail","Stat tile ""Open Interest""","working","no","e2e (Playwright)","with OI change 24h % underneath"
"HC-MT-084","5","Analytics engineer","Market Analytics terminal","/terminal/coin/:symbol","Coin detail","Stat tile ""24h Volume""","working","no","e2e (Playwright)","futures volume across exchanges"
"HC-MT-085","5","Analytics engineer","Market Analytics terminal","/terminal/coin/:symbol","Coin detail","Stat tile ""Funding (avg)""","working","no","e2e (Playwright)","average of per-exchange funding"
"HC-MT-086","5","Analytics engineer","Market Analytics terminal","/terminal/coin/:symbol","Coin detail","Chart ""Price & Open Interest"" (dual axis)","working","no","e2e (Playwright)","Price (left axis, accent) and OI USD (right axis, yellow) over 96h from CG.mock.priceHistory + scaled oiHistory"
"HC-MT-087","5","Analytics engineer","Market Analytics terminal","/terminal/coin/:symbol","Coin detail","Chart ""Long / Short Ratio · L/S""","working","no","e2e (Playwright)","lsHistory scaled to the coin lsRatio"
"HC-MT-088","5","Analytics engineer","Market Analytics terminal","/terminal/coin/:symbol","Coin detail","Chart ""Liquidations · Long Liq / Short Liq"" (stacked bars)","working","no","e2e (Playwright)","CG.mock.liqHistory scaled by the coin liq24h; long red, short green"
"HC-MT-089","5","Analytics engineer","Market Analytics terminal","/terminal/coin/:symbol","Coin detail","Chart ""OI-Weighted Funding · Funding %"" (bars)","working","no","e2e (Playwright)","fundingHistory shifted to the coin funding; sign-coloured bars"
"HC-MT-090","5","Analytics engineer","Market Analytics terminal","/terminal/coin/:symbol","Coin detail","Chart ""Taker Buy / Sell Volume"" (grouped bars)","working","no","unit (pricing) · e2e (Playwright)","Buy (green) vs Sell (red) hourly derived from priceHistory volume"
"HC-MT-091","5","Analytics engineer","Market Analytics terminal","/terminal/coin/:symbol","Coin detail","""Markets by Exchange"" column ""Exchange"" (sortable)","working","no","e2e (Playwright)","per-exchange split of the coin OI/volume/funding; row click opens the exchange page"
"HC-MT-092","5","Analytics engineer","Market Analytics terminal","/terminal/coin/:symbol","Coin detail","""Markets by Exchange"" column ""Open Interest"" (sortable)","working","no","e2e (Playwright)","per-exchange split of the coin OI/volume/funding; row click opens the exchange page"
"HC-MT-093","5","Analytics engineer","Market Analytics terminal","/terminal/coin/:symbol","Coin detail","""Markets by Exchange"" column ""24h Vol"" (sortable)","working","no","e2e (Playwright)","per-exchange split of the coin OI/volume/funding; row click opens the exchange page"
"HC-MT-094","5","Analytics engineer","Market Analytics terminal","/terminal/coin/:symbol","Coin detail","""Markets by Exchange"" column ""OI Share"" (sortable)","working","no","e2e (Playwright)","share bar + %"
"HC-MT-095","5","Analytics engineer","Market Analytics terminal","/terminal/coin/:symbol","Coin detail","""Markets by Exchange"" column ""Funding"" (sortable)","working","no","e2e (Playwright)","per-exchange split of the coin OI/volume/funding; row click opens the exchange page"
"HC-MT-096","5","Analytics engineer","Market Analytics terminal","/terminal/coin/:symbol","Coin detail","""Funding by Exchange"" column ""Exchange"" (sortable)","working","no","e2e (Playwright)","current / predicted 8h funding and annualised rate per exchange; row click opens the exchange page"
"HC-MT-097","5","Analytics engineer","Market Analytics terminal","/terminal/coin/:symbol","Coin detail","""Funding by Exchange"" column ""Funding"" (sortable)","working","no","e2e (Playwright)","current / predicted 8h funding and annualised rate per exchange; row click opens the exchange page"
"HC-MT-098","5","Analytics engineer","Market Analytics terminal","/terminal/coin/:symbol","Coin detail","""Funding by Exchange"" column ""Predicted"" (sortable)","working","no","e2e (Playwright)","current / predicted 8h funding and annualised rate per exchange; row click opens the exchange page"
"HC-MT-099","5","Analytics engineer","Market Analytics terminal","/terminal/coin/:symbol","Coin detail","""Funding by Exchange"" column ""Annualised"" (sortable)","working","no","e2e (Playwright)","current / predicted 8h funding and annualised rate per exchange; row click opens the exchange page"
"HC-MT-100","5","Analytics engineer","Market Analytics terminal","/terminal/coin/:symbol","Coin detail","""Liquidation Heatmap (long vs short)"" grid","working","no","e2e (Playwright)","24 hour columns × Long/Short rows; cell intensity = liquidation USD / max; hover title shows hour and value"
"HC-MT-101","5","Analytics engineer","Market Analytics terminal","/terminal/coin/:symbol","Coin detail","Unknown symbol state ""No data""","working","no","e2e (Playwright)","Panel ""No data · No market data for “XYZ”"" with the Back button"
"HC-MT-102","5","Analytics engineer","Market Analytics terminal","/terminal/exchanges/:exchange","Exchange overview","Page title ""<Exchange> · Exchange overview""","working","no","e2e (Playwright)","Default Binance"
"HC-MT-103","5","Analytics engineer","Market Analytics terminal","/terminal/exchanges/:exchange","Exchange overview","Exchange switcher chips","working","no","unit (pricing) · e2e (Playwright)","One chip per CG.mock.exchanges entry (Binance, OKX, Bybit, Bitget, Gate, HTX, CoinEx, Hyperliquid, Deribit, Kraken); active chip highlighted; click navigates"
"HC-MT-104","5","Analytics engineer","Market Analytics terminal","/terminal/exchanges/:exchange","Exchange overview","Stat tile ""Tracked Coins""","working","no","e2e (Playwright)","number of perpetual markets listed (scales with exchange OI share)"
"HC-MT-105","5","Analytics engineer","Market Analytics terminal","/terminal/exchanges/:exchange","Exchange overview","Stat tile ""Total OI""","working","no","e2e (Playwright)","exchange openInterest with share of aggregated OI"
"HC-MT-106","5","Analytics engineer","Market Analytics terminal","/terminal/exchanges/:exchange","Exchange overview","Stat tile ""24h Volume""","static","no","visual (screenshot diff)","exchange volume24h"
"HC-MT-107","5","Analytics engineer","Market Analytics terminal","/terminal/exchanges/:exchange","Exchange overview","Stat tile ""BTC Balance""","static","no","visual (screenshot diff)","exchange btcBalance with 24h % change"
"HC-MT-108","5","Analytics engineer","Market Analytics terminal","/terminal/exchanges/:exchange","Exchange overview","""Coins on <Exchange>"" column ""Coin"" (sortable)","working","no","e2e (Playwright)","per-coin split for this exchange; row click opens the coin page"
"HC-MT-109","5","Analytics engineer","Market Analytics terminal","/terminal/exchanges/:exchange","Exchange overview","""Coins on <Exchange>"" column ""Open Interest"" (sortable)","working","no","e2e (Playwright)","per-coin split for this exchange; row click opens the coin page"
"HC-MT-110","5","Analytics engineer","Market Analytics terminal","/terminal/exchanges/:exchange","Exchange overview","""Coins on <Exchange>"" column ""24h Vol"" (sortable)","working","no","e2e (Playwright)","per-coin split for this exchange; row click opens the coin page"
"HC-MT-111","5","Analytics engineer","Market Analytics terminal","/terminal/exchanges/:exchange","Exchange overview","""Coins on <Exchange>"" column ""Funding"" (sortable)","working","no","e2e (Playwright)","per-coin split for this exchange; row click opens the coin page"
"HC-MT-112","5","Analytics engineer","Market Analytics terminal","/terminal/exchanges/:exchange","Exchange overview","Unknown exchange state","working","no","e2e (Playwright)","Title ""Unknown exchange: xyz"" + ""No data"" panel + switcher chips"
"HC-MT-113","5","Analytics engineer","Market Analytics terminal","/terminal/exchanges","Exchange overview","Redirect /terminal/exchanges → /terminal/exchanges/Binance","working","no","e2e (Playwright)","data-redirect screen"
"HC-MT-114","5","Analytics engineer","Market Analytics terminal","/terminal/derivatives/open-interest","Open Interest","Page title ""Open Interest""","working","no","e2e (Playwright)","Tiles: Aggregated OI, BTC OI (with BTC dominance), Top Exchange"
"HC-MT-115","5","Analytics engineer","Market Analytics terminal","/terminal/derivatives/open-interest","Open Interest","Chart ""Aggregated Open Interest"" (area + BTC price on right axis)","working","no","e2e (Playwright)","CG.mock.oiHistory oi (area, accent) and price (line, yellow)"
"HC-MT-116","5","Analytics engineer","Market Analytics terminal","/terminal/derivatives/open-interest","Open Interest","Table column ""Exchange"" (sortable)","working","no","e2e (Playwright)","from CG.mock.exchanges; row click opens the exchange page"
"HC-MT-117","5","Analytics engineer","Market Analytics terminal","/terminal/derivatives/open-interest","Open Interest","Table column ""Open Interest"" (sortable)","working","no","e2e (Playwright)","from CG.mock.exchanges; row click opens the exchange page"
"HC-MT-118","5","Analytics engineer","Market Analytics terminal","/terminal/derivatives/open-interest","Open Interest","Table column ""Share"" (sortable)","working","no","e2e (Playwright)","accent share bar + %"
"HC-MT-119","5","Analytics engineer","Market Analytics terminal","/terminal/derivatives/funding","Funding Rates","Page title ""Funding Rates""","working","no","e2e (Playwright)","Tiles: OI-Weighted Funding, Average Funding, Annualised"
"HC-MT-120","5","Analytics engineer","Market Analytics terminal","/terminal/derivatives/funding","Funding Rates","Chart ""OI-Weighted Funding · Funding %"" (bars)","working","no","e2e (Playwright)","CG.mock.fundingHistory oiWeighted, 8h intervals, sign-coloured bars with tooltip"
"HC-MT-121","5","Analytics engineer","Market Analytics terminal","/terminal/derivatives/funding","Funding Rates","""Per-exchange Funding"" column ""Exchange"" (sortable)","working","no","e2e (Playwright)","BTC perpetual funding per venue; row click opens the exchange page"
"HC-MT-122","5","Analytics engineer","Market Analytics terminal","/terminal/derivatives/funding","Funding Rates","""Per-exchange Funding"" column ""Funding"" (sortable)","working","no","e2e (Playwright)","BTC perpetual funding per venue; row click opens the exchange page"
"HC-MT-123","5","Analytics engineer","Market Analytics terminal","/terminal/derivatives/funding","Funding Rates","""Per-exchange Funding"" column ""Predicted"" (sortable)","working","no","e2e (Playwright)","BTC perpetual funding per venue; row click opens the exchange page"
"HC-MT-124","5","Analytics engineer","Market Analytics terminal","/terminal/derivatives/funding","Funding Rates","""Per-exchange Funding"" column ""Open Interest"" (sortable)","working","no","e2e (Playwright)","BTC perpetual funding per venue; row click opens the exchange page"
"HC-MT-125","5","Analytics engineer","Market Analytics terminal","/terminal/derivatives/funding","Funding Rates","""Per-exchange Funding"" column ""Annualised"" (sortable)","working","no","e2e (Playwright)","BTC perpetual funding per venue; row click opens the exchange page"
"HC-MT-126","5","Analytics engineer","Market Analytics terminal","/terminal/derivatives/long-short","Long / Short","Page title ""Long / Short""","working","no","e2e (Playwright)","Tiles: Global Accounts, Top Trader (Accounts), Top Trader (Positions) — green ≥ 1, red < 1"
"HC-MT-127","5","Analytics engineer","Market Analytics terminal","/terminal/derivatives/long-short","Long / Short","Chart: three lines Global Accounts / Top Trader (Accounts) / Top Trader (Positions) with legend and L/S axis","working","no","e2e (Playwright)","CG.mock.lsHistory 72h; colours accent / yellow / purple; L/S = 1 reference line; hover shows all three values"
"HC-MT-128","5","Analytics engineer","Market Analytics terminal","/terminal/derivatives/long-short","Long / Short","Table ""Hourly Readings"" (Time, Global Accounts, Top Trader (Accounts), Top Trader (Positions))","working","no","e2e (Playwright)","Latest 24 readings, sortable"
"HC-MT-129","5","Analytics engineer","Market Analytics terminal","/terminal/derivatives/liquidations","Liquidations","Page title ""Liquidations""","working","no","e2e (Playwright)","Tiles: 24h Total, Long Liquidations (red), Short Liquidations (green), Largest Coin"
"HC-MT-130","5","Analytics engineer","Market Analytics terminal","/terminal/derivatives/liquidations","Liquidations","Chart stacked bars ""Long Liq / Short Liq""","working","no","e2e (Playwright)","CG.mock.liqHistory 48h; long red, short green; legend + tooltip"
"HC-MT-131","5","Analytics engineer","Market Analytics terminal","/terminal/derivatives/liquidations","Liquidations","""By Coin (24h)"" column ""Coin"" (sortable)","working","no","e2e (Playwright)","from CG.mock.coins liq24h / longLiq24h / shortLiq24h; default sort 24h Total desc; row click opens the coin"
"HC-MT-132","5","Analytics engineer","Market Analytics terminal","/terminal/derivatives/liquidations","Liquidations","""By Coin (24h)"" column ""24h Total"" (sortable)","working","no","e2e (Playwright)","from CG.mock.coins liq24h / longLiq24h / shortLiq24h; default sort 24h Total desc; row click opens the coin"
"HC-MT-133","5","Analytics engineer","Market Analytics terminal","/terminal/derivatives/liquidations","Liquidations","""By Coin (24h)"" column ""Long (red)"" (sortable)","working","no","e2e (Playwright)","from CG.mock.coins liq24h / longLiq24h / shortLiq24h; default sort 24h Total desc; row click opens the coin"
"HC-MT-134","5","Analytics engineer","Market Analytics terminal","/terminal/derivatives/liquidations","Liquidations","""By Coin (24h)"" column ""Short (green)"" (sortable)","working","no","e2e (Playwright)","from CG.mock.coins liq24h / longLiq24h / shortLiq24h; default sort 24h Total desc; row click opens the coin"
"HC-MT-135","5","Analytics engineer","Market Analytics terminal","/terminal/onchain/exchange-balance","Exchange Balance","Page title ""Exchange Balance · Bitcoin held on exchanges""","static","no","visual (screenshot diff)","Tiles: Total BTC Balance, 24h / 7d / 30d change"
"HC-MT-136","5","Analytics engineer","Market Analytics terminal","/terminal/onchain/exchange-balance","Exchange Balance","Chart ""BTC Balance"" (area, 90 days)","static","no","unit (pricing) · visual (screenshot diff)","Derived 90-day series anchored to CG.mock.global.btcExchangeBalance (CG.terminal.exchBalance)"
"HC-MT-137","5","Analytics engineer","Market Analytics terminal","/terminal/onchain/exchange-balance","Exchange Balance","Table column ""Exchange"" (sortable)","static","no","visual (screenshot diff)","from CG.mock.exchanges btcBalance / btcBalanceChg*; row click opens the exchange page"
"HC-MT-138","5","Analytics engineer","Market Analytics terminal","/terminal/onchain/exchange-balance","Exchange Balance","Table column ""BTC Balance"" (sortable)","static","no","visual (screenshot diff)","from CG.mock.exchanges btcBalance / btcBalanceChg*; row click opens the exchange page"
"HC-MT-139","5","Analytics engineer","Market Analytics terminal","/terminal/onchain/exchange-balance","Exchange Balance","Table column ""24h %"" (sortable)","static","no","visual (screenshot diff)","from CG.mock.exchanges btcBalance / btcBalanceChg*; row click opens the exchange page"
"HC-MT-140","5","Analytics engineer","Market Analytics terminal","/terminal/onchain/exchange-balance","Exchange Balance","Table column ""7d %"" (sortable)","static","no","visual (screenshot diff)","from CG.mock.exchanges btcBalance / btcBalanceChg*; row click opens the exchange page"
"HC-MT-141","5","Analytics engineer","Market Analytics terminal","/terminal/onchain/exchange-balance","Exchange Balance","Table column ""30d %"" (sortable)","static","no","visual (screenshot diff)","from CG.mock.exchanges btcBalance / btcBalanceChg*; row click opens the exchange page"
"HC-MT-142","5","Analytics engineer","Market Analytics terminal","/terminal/onchain/unlocks","Token Unlock Schedule","Page title ""Token Unlock Schedule · Upcoming vesting events""","static","no","visual (screenshot diff)","Behaves as in the v2 mock."
"HC-MT-143","5","Analytics engineer","Market Analytics terminal","/terminal/onchain/unlocks","Token Unlock Schedule","Empty panel ""Token unlock data unavailable""","static","no","unit (pricing) · visual (screenshot diff)","Exact text: ""This data source is not enabled on the current plan. Enable a token-unlock endpoint in the proxy to populate this view — no mock data shown."""
"HC-MT-144","5","Analytics engineer","Market Analytics terminal","/terminal/indicators/fear-greed","Fear & Greed Index","Page title ""Fear & Greed Index""","working","no","e2e (Playwright)","Behaves as in the v2 mock."
"HC-MT-145","5","Analytics engineer","Market Analytics terminal","/terminal/indicators/fear-greed","Fear & Greed Index","Gauge with value + label","working","no","e2e (Playwright)","Semicircle gauge with 5 coloured bands (Extreme Fear / Fear / Neutral / Greed / Extreme Greed), marker at the current value, big value and label"
"HC-MT-146","5","Analytics engineer","Market Analytics terminal","/terminal/indicators/fear-greed","Fear & Greed Index","Chart ""History · F&G"" (area, 90 days)","working","no","e2e (Playwright)","CG.mock.fearGreed with Extreme Fear (25) and Extreme Greed (75) reference lines; tooltip shows value + label"
"HC-MT-147","5","Analytics engineer","Market Analytics terminal","/terminal/indicators/fear-greed","Fear & Greed Index","Tiles Now / Yesterday / Last Week / Last Month","working","no","e2e (Playwright)","Value + label at 0, 1, 7 and 30 days back"
"HC-MT-148","5","Analytics engineer","Market Analytics terminal","/terminal/indicators/cycle","BTC Cycle Indicators","Page title ""BTC Cycle Indicators""","working","no","e2e (Playwright)","Tiles: AHR999, Puell Multiple, Pi Cycle 111DMA / 350DMA×2, Rainbow Band (from CG.mock.cycle)"
"HC-MT-149","5","Analytics engineer","Market Analytics terminal","/terminal/indicators/cycle","BTC Cycle Indicators","Panel ""AHR999"" (area chart)","static","no","visual (screenshot diff)","CG.mock.cycleHistory ahr999 with Bottom 0.45 / Top 1.2 reference lines"
"HC-MT-150","5","Analytics engineer","Market Analytics terminal","/terminal/indicators/cycle","BTC Cycle Indicators","Panel ""Puell Multiple"" (area chart)","static","no","visual (screenshot diff)","cycleHistory puell with Undervalued 0.5 reference line"
"HC-MT-151","5","Analytics engineer","Market Analytics terminal","/terminal/indicators/cycle","BTC Cycle Indicators","Panel ""Pi Cycle"" (price with 111DMA and 350DMA×2)","working","no","e2e (Playwright)","Three lines with legend (price accent, 111DMA yellow, 350DMA×2 purple) from cycleHistory"
"HC-MT-152","5","Analytics engineer","Market Analytics terminal","/terminal","Market Analytics terminal","Unified skin with /analytics","working","yes","unit (pricing) · e2e (Playwright)","Private ma-* palette deleted; tiles/panels/chips/tables/charts share the .cgx classes and shell tokens; light and dark tested"
"HC-MT-153","5","Analytics engineer","Market Analytics terminal","/terminal","Market Analytics terminal","Shared section switcher with Terminal ▾","working","yes","unit (pricing) · e2e (Playwright)","The terminal shows the same Hub … Sentiment tabs as /analytics; Terminal ▾ is active (amber underline) and drops down the grouped terminal pages"
"HC-MT-154","5","Analytics engineer","Market Analytics terminal","/terminal","Market Analytics terminal","Sidebar restyle","working","yes","unit (pricing) · e2e (Playwright)","Section labels .micro, 30px items, amber left rule on the active item, ""Markets Hub ↗"" external marker; mobile drawer retained"
"HC-MT-155","5","Analytics engineer","Market Analytics terminal","/terminal","Market Analytics terminal","Follows page theme + density","working","yes","e2e (Playwright)","A.applyTheme/A.applyDensity run on every show; rows compact at 28px when CG.state.density === 'compact'"
"HC-MT-156","5","Analytics engineer","Market Analytics terminal","/terminal","Dashboard","Watchlist strip on the dashboard","working","yes","e2e (Playwright)","Same strip as the hub (cards → /terminal/coin/SYM, remove star, empty state, ""Manage in Spot Markets →"")"
"HC-MT-157","5","Analytics engineer","Market Analytics terminal","/terminal","Dashboard","Timeframe chips on Aggregated OI and Long/Short charts","working","yes","e2e (Playwright)","1D–1Y"
"HC-MT-158","5","Analytics engineer","Market Analytics terminal","/terminal","Dashboard","Markets table: star · search · Columns ▾ (Funding hidden) · CSV","working","yes","e2e (Playwright)","Sticky header inside a 560px scroll area"
"HC-MT-159","5","Analytics engineer","Market Analytics terminal","/terminal/spot","Spot Markets","Compare mode (Cmp checkboxes → panel)","working","yes","e2e (Playwright)","Same compare panel as /analytics/markets (normalised chart with timeframes + stats table), sharing CG.state.compare so a selection made in either app shows in both; ?compare=1 opens it"
"HC-MT-160","5","Analytics engineer","Market Analytics terminal","/terminal/spot","Spot Markets","Watchlist filter chip + star column","working","yes","e2e (Playwright)","★ Watchlist chip shows only starred coins; count updates"
"HC-MT-161","5","Analytics engineer","Market Analytics terminal","/terminal/spot","Spot Markets","Hidden columns 7d %, Funding, L/S via Columns ▾ · CSV","working","yes","e2e (Playwright)","Search box moved into the table toolbar"
"HC-MT-162","5","Analytics engineer","Market Analytics terminal","/terminal/sectors/:slug","Sector","Star column + CSV on sector tables","working","yes","e2e (Playwright)","Shared table"
"HC-MT-163","5","Analytics engineer","Market Analytics terminal","/terminal/etf","Bitcoin Spot ETFs","Timeframe chips on Net Inflow History","static","yes","visual (screenshot diff)","7D/30D/90D/1Y; CSV on the ETF list"
"HC-MT-164","5","Analytics engineer","Market Analytics terminal","/terminal/coin/:symbol","Coin detail","Watch + Compare chips in the coin header","working","yes","e2e (Playwright)","Watch toggles the watchlist; Compare adds the coin and opens /terminal/spot?compare=1"
"HC-MT-165","5","Analytics engineer","Market Analytics terminal","/terminal/coin/:symbol","Coin detail","Timeframe chips on Price & OI, L/S, Liquidations, Funding","working","yes","e2e (Playwright)","Per-coin seeded series; exchange tables get CSV"
"HC-MT-166","5","Analytics engineer","Market Analytics terminal","/terminal/exchanges/:exchange","Exchange overview","Star column + CSV","working","yes","e2e (Playwright)","Shared table"
"HC-MT-167","5","Analytics engineer","Market Analytics terminal","/terminal/derivatives/open-interest","Open Interest","Timeframe chips + CSV","working","yes","e2e (Playwright)","OI area in --curve, BTC price line in foreground on the right axis"
"HC-MT-168","5","Analytics engineer","Market Analytics terminal","/terminal/derivatives/funding","Funding Rates","Timeframe chips (7D–1Y at 8h) + CSV","working","yes","e2e (Playwright)","Shared chart"
"HC-MT-169","5","Analytics engineer","Market Analytics terminal","/terminal/derivatives/long-short","Long / Short","Timeframe chips on the three-line chart + CSV","working","yes","e2e (Playwright)","Global = foreground, Top accounts = --curve, Top positions = muted dashed"
"HC-MT-170","5","Analytics engineer","Market Analytics terminal","/terminal/derivatives/liquidations","Liquidations","Timeframe chips + table search/Columns/star","working","yes","e2e (Playwright)","Shared chart + table"
"HC-MT-171","5","Analytics engineer","Market Analytics terminal","/terminal/onchain/exchange-balance","Exchange Balance","Timeframe chips 30D/90D/1Y + heat cells for % + CSV","static","yes","visual (screenshot diff)","Shared chart + table"
"HC-MT-172","5","Analytics engineer","Market Analytics terminal","/terminal/indicators/fear-greed","Fear & Greed Index","Compact arc gauge with amber needle","working","yes","e2e (Playwright)","Replaces the v1 segmented gauge; semantic segments, scale labels"
"HC-MT-173","5","Analytics engineer","Market Analytics terminal","/terminal/indicators/fear-greed","Fear & Greed Index","Timeframe chips on the history chart","working","yes","e2e (Playwright)","7D/30D/90D/1Y"
"HC-MT-174","5","Analytics engineer","Market Analytics terminal","/terminal/indicators/cycle","BTC Cycle Indicators","Timeframe chips 30D/90D/180D on AHR999, Puell and Pi Cycle","working","yes","e2e (Playwright)","Shared chart"